SFP-marker;chrom.;strand;pos.1;pos.2;cM;;;;;;;;;;
C1_001;1;Plus;677,972;677,996;1;;;;;;;;;;
C1_002;1;Plus;1,238,972;1,238,996;1.5;;;;;;;;;;
C1_003;1;Minus;1,473,303;1,473,279;2;;;;;;;;;;
C1_004;1;Minus;1,560,971;1,560,947;2.5;;;;;;;;;;
C1_005;1;Minus;1,933,783;1,933,759;3;;;;;;;;;;
C1_006;1;Minus;2,355,231;2,355,207;3.5;;;;;;;;;;
C1_007;1;Minus;2,491,914;2,491,890;4.5;;;;;;;;;;
C1_008;1;Plus;2,741,920;2,741,944;5;;;;;;;;;;
C1_009;1;Plus;2,928,345;2,928,369;5.5;;;;;;;;;;
C1_010;1;Minus;3,226,096;3,226,072;6;;;;;;;;;;
C1_011;1;Plus;4,120,516;4,120,540;6.5;;;;;;;;;;
C1_012;1;Plus;4,224,469;4,224,493;7;;;;;;;;;;
C1_013;1;Plus;4,261,744;4,261,768;7.5;;;;;;;;;;
C1_014;1;Plus;4,299,347;4,299,371;8;;;;;;;;;;
C1_015;1;Minus;4,380,223;4,380,199;8.5;;;;;;;;;;
C1_016;1;Plus;4,598,647;4,598,671;9;;;;;;;;;;
C1_017;1;Minus;4,614,592;4,614,568;9.5;;;;;;;;;;
C1_018;1;Minus;4,628,059;4,628,035;10;;;;;;;;;;
C1_019;1;Plus;4,813,668;4,813,692;10.5;;;;;;;;;;
C1_020;1;Plus;5,189,209;5,189,233;11;;;;;;;;;;
C1_021;1;Plus;5,394,448;5,394,472;13.1;;;;;;;;;;
C1_022;1;Minus;5,547,098;5,547,074;13.6;;;;;;;;;;
C1_023;1;Plus;5,854,427;5,854,451;14.1;;;;;;;;;;
C1_024;1;Plus;5,870,115;5,870,139;14.6;;;;;;;;;;
C1_025;1;Plus;6,034,729;6,034,753;15.1;;;;;;;;;;
C1_026;1;Minus;6,150,366;6,150,342;15.6;;;;;;;;;;
C1_027;1;Minus;6,229,150;6,229,126;16.1;;;;;;;;;;
C1_028;1;Plus;6,346,214;6,346,238;16.6;;;;;;;;;;
C1_029;1;Plus;6,493,270;6,493,294;17.1;;;;;;;;;;
C1_030;1;Plus;6,944,593;6,944,617;17.6;;;;;;;;;;
C1_031;1;Minus;7,072,485;7,072,461;18.1;;;;;;;;;;
C1_032;1;Minus;7,259,483;7,259,459;19.1;;;;;;;;;;
C1_033;1;Plus;7,635,391;7,635,415;19.6;;;;;;;;;;
C1_034;1;Minus;7,716,840;7,716,816;20.1;;;;;;;;;;
C1_035;1;Minus;7,793,657;7,793,633;20.6;;;;;;;;;;
C1_036;1;Minus;7,901,999;7,901,975;21.1;;;;;;;;;;
C1_037;1;Minus;7,953,845;7,953,821;21.6;;;;;;;;;;
C1_038;1;Plus;8,056,875;8,056,899;22.1;;;;;;;;;;
C1_039;1;Plus;8,096,334;8,096,358;22.6;;;;;;;;;;
C1_040;1;Plus;8,144,798;8,144,822;23.1;;;;;;;;;;
C1_041;1;Plus;8,200,954;8,200,978;23.6;;;;;;;;;;
C1_042;1;Plus;8,325,624;8,325,648;24.6;;;;;;;;;;
C1_043;1;Minus;8,398,720;8,398,696;25.1;;;;;;;;;;
C1_044;1;Plus;8,637,064;8,637,088;25.6;;;;;;;;;;
C1_045;1;Plus;8,694,377;8,694,401;26.1;;;;;;;;;;
C1_046;1;Minus;8,714,515;8,714,491;26.6;;;;;;;;;;
C1_047;1;Plus;8,976,669;8,976,693;27.1;;;;;;;;;;
C1_048;1;Plus;9,190,322;9,190,346;27.6;;;;;;;;;;
C1_049;1;Minus;9,372,145;9,372,121;28.1;;;;;;;;;;
C1_050;1;Minus;9,512,854;9,512,830;28.6;;;;;;;;;;
C1_051;1;Minus;9,843,658;9,843,634;29.1;;;;;;;;;;
C1_052;1;Plus;10,000,010;10,000,034;29.6;;;;;;;;;;
C1_053;1;Plus;10,150,189;10,150,213;30.1;;;;;;;;;;
C1_054;1;Plus;10,208,206;10,208,230;31.7;;;;;;;;;;
C1_055;1;Plus;10,344,428;10,344,452;32.2;;;;;;;;;;
C1_056;1;Plus;10,434,381;10,434,405;32.7;;;;;;;;;;
C1_057;1;Plus;10,466,659;10,466,683;33.2;;;;;;;;;;
C1_058;1;Minus;10,584,729;10,584,705;33.7;;;;;;;;;;
C1_059;1;Minus;10,641,882;10,641,858;34.2;;;;;;;;;;
C1_060;1;Plus;10,701,242;10,701,266;34.7;;;;;;;;;;
C1_061;1;Plus;10,816,416;10,816,440;35.2;;;;;;;;;;
C1_062;1;Plus;10,995,336;10,995,360;35.7;;;;;;;;;;
C1_063;1;Minus;11,010,486;11,010,462;36.7;;;;;;;;;;
C1_064;1;Minus;11,023,206;11,023,182;37.2;;;;;;;;;;
C1_065;1;Minus;11,039,647;11,039,623;37.7;;;;;;;;;;
C1_066;1;Minus;11,106,254;11,106,230;38.2;;;;;;;;;;
C1_067;1;Plus;11,251,764;11,251,788;38.7;;;;;;;;;;
C1_068;1;Plus;11,344,562;11,344,586;39.2;;;;;;;;;;
C1_069;1;Plus;11,466,617;11,466,641;39.7;;;;;;;;;;
C1_070;1;Minus;11,513,039;11,513,015;40.2;;;;;;;;;;
C1_071;1;Plus;11,554,788;11,554,812;40.7;;;;;;;;;;
C1_072;1;Plus;11,570,253;11,570,277;41.2;;;;;;;;;;
C1_073;1;Plus;11,653,247;11,653,271;41.7;;;;;;;;;;
C1_074;1;Plus;11,944,258;11,944,282;42.7;;;;;;;;;;
C1_075;1;Plus;12,160,804;12,160,828;43.2;;;;;;;;;;
C1_076;1;Minus;12,404,741;12,404,717;44.2;;;;;;;;;;
C1_077;1;Plus;12,537,659;12,537,683;45.2;;;;;;;;;;
C1_078;1;Plus;12,849,254;12,849,278;45.7;;;;;;;;;;
C1_079;1;Minus;13,119,968;13,119,944;46.2;;;;;;;;;;
C1_080;1;Plus;13,218,466;13,218,490;46.7;;;;;;;;;;
C1_081;1;Minus;13,280,893;13,280,869;47.2;;;;;;;;;;
C1_082;1;Minus;13,579,138;13,579,114;47.7;;;;;;;;;;
C1_083;1;Plus;14,504,020;14,504,044;48.2;;;;;;;;;;
C1_084;1;Minus;15,343,526;15,343,502;48.7;;;;;;;;;;
C1_085;1;Plus;15,710,697;15,710,721;49.2;;;;;;;;;;
C1_086;1;Plus;15,861,767;15,861,791;49.7;;;;;;;;;;
C1_087;1;Plus;16,008,415;16,008,439;50.2;;;;;;;;;;
C1_088;1;Plus;16,105,710;16,105,734;50.7;;;;;;;;;;
C1_089;1;Minus;16,192,557;16,192,533;51.2;;;;;;;;;;
C1_090;1;Plus;16,323,712;16,323,736;51.7;;;;;;;;;;
C1_091;1;Plus;16,343,605;16,343,629;53.3;;;;;;;;;;
C1_092;1;Minus;16,512,992;16,512,968;55.4;;;;;;;;;;
C1_093;1;Plus;16,890,812;16,890,836;55.9;;;;;;;;;;
C1_094;1;Plus;16,914,453;16,914,477;56.4;;;;;;;;;;
C1_095;1;Plus;16,935,612;16,935,636;56.9;;;;;;;;;;
C1_096;1;Plus;16,983,978;16,984,002;57.4;;;;;;;;;;
C1_097;1;Plus;17,108,033;17,108,057;57.9;;;;;;;;;;
C1_098;1;Plus;17,425,090;17,425,114;58.4;;;;;;;;;;
C1_099;1;Minus;17,590,625;17,590,601;58.9;;;;;;;;;;
C1_100;1;Plus;17,637,552;17,637,576;59.4;;;;;;;;;;
C1_101;1;Minus;17,670,559;17,670,535;59.9;;;;;;;;;;
C1_102;1;Plus;17,898,744;17,898,768;60.9;;;;;;;;;;
C1_103;1;Plus;18,100,525;18,100,549;61.4;;;;;;;;;;
C1_104;1;Plus;18,367,694;18,367,718;61.9;;;;;;;;;;
C1_105;1;Minus;18,851,051;18,851,027;62.4;;;;;;;;;;
C1_106;1;Minus;18,953,470;18,953,446;62.9;;;;;;;;;;
C1_107;1;Minus;19,012,614;19,012,590;63.4;;;;;;;;;;
C1_108;1;Plus;19,072,718;19,072,742;64.4;;;;;;;;;;
C1_109;1;Plus;19,087,935;19,087,959;64.9;;;;;;;;;;
C1_110;1;Plus;19,105,089;19,105,113;65.4;;;;;;;;;;
C1_111;1;Plus;19,314,768;19,314,792;65.9;;;;;;;;;;
C1_112;1;Plus;19,484,558;19,484,582;66.4;;;;;;;;;;
C1_113;1;Minus;19,603,993;19,603,969;66.9;;;;;;; ;;;
C1_114;1;Minus;19,735,358;19,735,334;67.4;;;;;;;;;;
C1_115;1;Minus;20,160,112;20,160,088;67.9;;;;;;;;;;
C1_116;1;Minus;20,511,085;20,511,061;68.4;;;;;;;;;;
C1_117;1;Plus;20,795,966;20,795,990;68.9;;;;;;;;;;
C1_118;1;Plus;21,194,095;21,194,119;69.4;;;;;;;;;;
C1_119;1;Minus;21,291,097;21,291,073;69.9;;;;;;;;;;
C1_120;1;Minus;21,562,444;21,562,420;70.4;;;;;;;;;;
C1_121;1;Minus;21,744,665;21,744,641;70.9;;;;;;;;;;
C1_122;1;Plus;22,231,103;22,231,127;71.4;;;;; ;;;;;
C1_123;1;Minus;22,703,751;22,703,727;71.9;;;;;;;;;;
C1_124;1;Plus;22,781,137;22,781,161;72.4;;;;;;;;;;
C1_125;1;Plus;22,832,344;22,832,368;72.9;;;;;;;;;;
C1_126;1;Minus;22,927,044;22,927,020;73.4;;;;;;;;;;
C1_127;1;Plus;23,023,856;23,023,880;73.9;;;;;;;;;;
C1_128;1;Minus;23,360,995;23,360,971;74.4;;;;;;;;;;
C1_129;1;Plus;23,475,661;23,475,685;74.9;;;;;;;;;;
C1_130;1;Plus;23,491,460;23,491,484;75.4;;;;;;;;;;
C1_131;1;Minus;23,597,105;23,597,081;75.9;;;;;;;;;;
C1_132;1;Minus;23,849,372;23,849,348;76.4;;;;;;;;;;
C1_133;1;Plus;24,041,941;24,041,965;77.4;;;;;;;;;;
C1_134;1;Minus;24,058,670;24,058,646;77.9;;;;;;;;;;
C1_135;1;Plus;24,147,278;24,147,302;78.4;;;;;;;;;;
C1_136;1;Minus;24,309,029;24,309,005;78.9;;;;;;;;;;
C1_137;1;Minus;24,348,585;24,348,561;79.4;;;;;;;;;;
C1_138;1;Minus;24,501,728;24,501,704;80.4;;;;;;;;;;
C1_139;1;Plus;24,554,169;24,554,193;80.9;;;;;;;;;;
C1_140;1;Minus;24,638,173;24,638,149;81.4;;;;;;;;;;
C1_141;1;Minus;24,653,369;24,653,345;81.9;;;;;;;;;;
C1_142;1;Minus;24,671,523;24,671,499;82.9;;;;;;;;;;
C1_143;1;Minus;24,715,862;24,715,838;83.4;;;;;;;;;;
C1_144;1;Plus;24,813,487;24,813,511;84.4;;;;;;;;;;
C1_145;1;Plus;24,968,247;24,968,271;85.4;;;;;;;;;;
C1_146;1;Plus;25,412,071;25,412,095;85.9;;;;;;;;;;
C1_147;1;Minus;25,430,183;25,430,159;86.4;;;;;;;;;;
C1_148;1;Minus;25,597,099;25,597,075;86.9;;;;;;;;;;
C1_149;1;Minus;25,800,828;25,800,804;87.4;;;;;;;;;;
C1_150;1;Minus;25,813,994;25,813,970;87.9;;;;;;;;;;
C1_151;1;Plus;25,873,199;25,873,223;91.2;;;;;;;;;;
C1_152;1;Minus;25,880,819;25,880,795;91.7;;;;;;;;;;
C1_153;1;Minus;25,946,148;25,946,124;92.2;;;;;;;;;;
C1_154;1;Minus;26,044,967;26,044,943;92.7;;;;;;;;;;
C1_155;1;Plus;26,278,043;26,278,067;93.2;;;;;;;;;;
C1_156;1;Plus;26,477,613;26,477,637;93.7;;;;;;;;;;
C1_157;1;Minus;26,735,374;26,735,350;94.2;;;;;;;;;;
C1_158;1;Plus;26,787,238;26,787,262;94.7;;;;;;;;;;
C1_159;1;Minus;26,854,400;26,854,376;95.2;;;;;;;;;;
C1_160;1;Minus;27,040,076;27,040,052;95.7;;;;;;;;;;
C1_161;1;Minus;27,462,130;27,462,106;96.2;;;;;;;;;;
C1_162;1;Plus;27,957,468;27,957,492;96.7;;;;;;;;;;
C1_163;1;Minus;28,070,426;28,070,402;97.7;;;;;;;;;;
C1_164;1;Plus;28,246,532;28,246,556;98.2;;;;;;;;;;
C1_165;1;Minus;28,802,247;28,802,223;98.7;;;;;;;;;;
C1_166;1;Minus;29,056,323;29,056,299;99.2;;;;;;;;;;
C1_167;1;Plus;29,187,692;29,187,716;99.7;;;;;;;;;;
C1_168;1;Minus;29,465,012;29,464,988;100.2;;;;;;;;;;
C1_169;1;Plus;29,514,852;29,514,876;100.7;;;;;;;;; ;
C1_170;1;Minus;29,565,719;29,565,695;101.2;;;;;;;;;;
C1_171;1;Plus;29,802,537;29,802,561;101.7;;;;;;;;;;
C1_172;1;Plus;30,064,780;30,064,804;104.7;;;;;;;;;;
C2_001;2;Minus;246,863;246,839;1.6;;;;;;;;;;
C2_002;2;Minus;337,120;337,096;2.6;;;;;;;;;;
C2_003;2;Minus;356,899;356,875;3.1;;;;;;;;;;
C2_004;2;Plus;385,971;385,995;4.1;;;;;;;;;;
C2_005;2;Minus;452,335;452,311;4.6;;;;;;;;;;
C2_006;2;Minus;475,213;475,189;5.1;;;;;;;;;;
C2_007;2;Plus;495,314;495,338;6.1;;;;;;;;;;
C2_008;2;Minus;531,792;531,768;6.6;;;;;;;;;;
C2_009;2;Plus;701,728;701,752;7.1;;;;;;;;;;
C2_010;2;Plus;945,842;945,866;7.6;;;;;;;;;;
C2_011;2;Minus;1,148,928;1,148,904;8.1;;;;;;;;;;
C2_012;2;Minus;1,231,954;1,231,930;8.6;;;;;;;;;;
C2_013;2;Minus;1,549,463;1,549,439;9.1;;;;;;;;;;
C2_014;2;Plus;1,797,991;1,798,015;10.1;;;;;;;;;;
C2_015;2;Plus;1,970,523;1,970,547;10.6;;;;;;;;;;
C2_016;2;Minus;2,039,068;2,039,044;11.6;;;;;;;;;;
C2_017;2;Plus;2,296,819;2,296,843;12.1;;;;;;;;;;
C2_018;2;Minus;2,313,359;2,313,335;13.1;;;;;;;;;;
C2_019;2;Minus;2,674,698;2,674,674;13.6;;;;;;;;;;
C2_020;2;Minus;3,231,240;3,231,216;14.1;;;;;;;;;;
C2_021;2;Minus;4,426,618;4,426,594;14.6;;;;;;;;;;
C2_022;2;Minus;4,934,983;4,934,959;15.1;;;;;;;;;;
C2_023;2;Minus;5,011,599;5,011,575;15.6;;;;;;;;;;
C2_024;2;Plus;5,240,350;5,240,374;16.1;;;;;;;;;;
C2_025;2;Plus;5,373,288;5,373,312;16.6;;;;;;;;;;
C2_026;2;Minus;5,481,221;5,481,197;17.1;;;;;;;;;;
C2_027;2;Minus;5,758,479;5,758,455;17.6;;;;;;;;;;
C2_028;2;Minus;5,844,375;5,844,351;19.2;;;;;;;;;;
C2_029;2;Plus;6,045,222;6,045,246;19.7;;;;;;;;;;
C2_030;2;Plus;6,206,074;6,206,098;20.2;;;;;;;;;;
C2_031;2;Minus;6,233,920;6,233,896;20.7;;;;;;;;;;
C2_032;2;Plus;6,243,515;6,243,539;21.2;;;;;;;;;;
C2_033;2;Plus;6,320,972;6,320,996;21.7;;;;;;;;;;
C2_034;2;Plus;6,387,048;6,387,072;22.2;;;;;;;;;;
C2_035;2;Plus;6,513,866;6,513,890;22.7;;;;;;;;;;
C2_036;2;Minus;6,622,089;6,622,065;23.2;;;;;;;;;;
C2_037;2;Minus;6,657,992;6,657,968;23.7;;;;;;;;;;
C2_038;2;Minus;6,674,030;6,674,006;24.2;;;;;;;;;;
C2_039;2;Minus;6,820,422;6,820,398;24.7;;;;;;;;;;
C2_040;2;Plus;6,907,029;6,907,053;25.2;;;;;;;;;;
C2_041;2;Plus;7,024,752;7,024,776;25.7;;;;;;;;;;
C2_042;2;Plus;7,120,812;7,120,836;26.2;;;;;;;;;;
C2_043;2;Minus;7,174,734;7,174,710;26.7;;;;;;;;;;
C2_044;2;Minus;7,258,965;7,258,941;27.2;;;;;;;;;;
C2_045;2;Plus;7,351,270;7,351,294;27.7;;;;;;;;;;
C2_046;2;Minus;7,637,713;7,637,689;28.7;;;;;;;;;;
C2_047;2;Minus;8,015,333;8,015,309;29.2;;;;;;;;;;
C2_048;2;Plus;8,194,829;8,194,853;29.7;;;;;;;;;;
C2_049;2;Minus;8,296,313;8,296,289;30.2;;;;;;;;;;
C2_050;2;Plus;8,595,413;8,595,437;30.7;;;;;;;;;;
C2_051;2;Minus;9,142,355;9,142,331;31.2;;;;;;;;;;
C2_052;2;Plus;9,330,394;9,330,418;31.7;;;;;;;;;;
C2_053;2;Plus;9,397,639;9,397,663;32.2;;;;;;;;;;
C2_054;2;Plus;9,529,120;9,529,144;32.7;;;;;;;;;;
C2_055;2;Minus;9,876,522;9,876,498;34.8;;;;;;;;;;
C2_056;2;Plus;10,123,367;10,123,391;35.3;;;;;;;;;;
C2_057;2;Plus;10,128,301;10,128,325;35.8;;;;;;;;;;
C2_058;2;Plus;10,163,350;10,163,374;36.3;;;;;;;;;;
C2_059;2;Minus;10,218,177;10,218,153;36.8;;;;;;;;;;
C2_060;2;Minus;10,296,027;10,296,003;37.3;;;;;;;;;;
C2_061;2;Minus;10,462,557;10,462,533;37.8;;;;;;;;;;
C2_062;2;Minus;10,644,335;10,644,311;38.3;;;;;;;;;;
C2_063;2;Plus;10,811,639;10,811,663;38.8;;;;;;;;;;
C2_064;2;Minus;10,998,442;10,998,418;39.3;;;;;;;;;;
C2_065;2;Minus;11,026,393;11,026,369;39.8;;;;;;;;;;
C2_066;2;Plus;11,110,484;11,110,508;40.3;;;;;;;;;;
C2_067;2;Plus;11,229,058;11,229,082;40.8;;;;;;;;;;
C2_068;2;Minus;11,506,039;11,506,015;41.8;;;;;;;;;;
C2_069;2;Plus;11,656,324;11,656,348;42.3;;;;;;;;;;
C2_070;2;Minus;11,768,700;11,768,676;42.8;;;;;;;;;;
C2_071;2;Minus;11,898,947;11,898,923;43.3;;;;;;;;;;
C2_072;2;Minus;12,082,704;12,082,680;43.8;;;;;;;;;;
C2_073;2;Minus;12,112,359;12,112,335;44.3;;;;;;;;;;
C2_074;2;Minus;12,125,766;12,125,742;45.9;;;;;;;;;;
C2_075;2;Plus;12,407,784;12,407,808;46.9;;;;;;;;;;
C2_076;2;Minus;12,679,412;12,679,388;47.4;;;;;;;;;;
C2_077;2;Minus;12,850,184;12,850,160;47.9;;;;;;;;;;
C2_078;2;Minus;12,947,060;12,947,036;48.4;;;;;;;;;;
C2_079;2;Plus;13,066,216;13,066,240;49.4;;;;;;;;;;
C2_080;2;Minus;13,357,782;13,357,758;49.9;;;;;;;;;;
C2_081;2;Plus;13,694,092;13,694,116;50.4;;;;;;;;;;
C2_082;2;Minus;13,923,935;13,923,911;50.9;;;;;;;;;;
C2_083;2;Minus;14,159,531;14,159,507;51.4;;;;;;;;;;
C2_084;2;Minus;14,431,132;14,431,108;51.9;;;;;;;;;;
C2_085;2;Minus;14,890,067;14,890,043;52.4;;;;;;;;;;
C2_086;2;Minus;15,148,159;15,148,135;52.9;;;;;;;;;;
C2_087;2;Plus;15,189,091;15,189,115;53.4;;;;;;;;;;
C2_088;2;Minus;15,278,275;15,278,251;55;;;;;;;;;;
C2_089;2;Minus;15,316,552;15,316,528;55.5;;;;;;;;;;
C2_090;2;Plus;15,451,765;15,451,789;56.5;;;;;;;;;;
C2_091;2;Plus;15,518,216;15,518,240;57;;;;;;;;;;
C2_092;2;Minus;15,789,817;15,789,793;57.5;;;;;;;;;;
C2_093;2;Plus;16,029,705;16,029,729;58;;;;;;;;;;
C2_094;2;Minus;16,103,646;16,103,622;58.5;;;;;;;;;;
C2_095;2;Plus;16,332,387;16,332,411;59;;;;;;;;;;
C2_096;2;Plus;16,817,978;16,818,002;59.5;;;;;;;;;;
C2_097;2;Minus;17,150,992;17,150,968;60;;;;;;;;;;
C2_098;2;Minus;17,550,929;17,550,905;60.5;;;;;;;;;;
C2_099;2;Minus;18,149,870;18,149,846;61;;;;;;;;;;
C2_100;2;Minus;18,346,924;18,346,900;61.5;;;;;;;;;;
C2_101;2;Minus;18,497,964;18,497,940;62;;;;;;;;;;
C2_102;2;Minus;18,600,307;18,600,283;62.5;;;;;;;;;;
C2_103;2;Minus;18,722,122;18,722,098;63;;;;;;;;;;
C2_104;2;Minus;18,861,369;18,861,345;64;;;;;;;;;;
C2_105;2;Plus;19,099,116;19,099,140;64.5;;;;;;;;;;
C2_106;2;Minus;19,474,812;19,474,788;66.4;;;;;;;;;;
C3_001;3;Minus;192,362;192,338;0.5;;;;;;;;;;
C3_002;3;Plus;340,169;340,193;1;;;;;;;;;;
C3_003;3;Minus;603,862;603,838;1.5;;;;;;;;;;
C3_004;3;Plus;808,224;808,248;2;;;;;;;;;;
C3_005;3;Minus;903,318;903,294;3;;;;;;;;;;
C3_006;3;Plus;1,079,332;1,079,356;3.5;;;;;;;;;;
C3_007;3;Minus;1,261,198;1,261,174;4;;;;;;;;;;
C3_008;3;Plus;1,357,789;1,357,813;4.5;;;;;;;;;;
C3_009;3;Minus;1,387,823;1,387,799;5;;;;;;;;;;
C3_010;3;Plus;1,468,110;1,468,134;5.5;;;;;;;;;;
C3_011;3;Plus;1,512,584;1,512,608;6;;;;;;;;;;
C3_012;3;Minus;1,751,984;1,751,960;6.5;;;;;;;;;;
C3_013;3;Minus;2,677,419;2,677,395;7;;;;;;;;;;
C3_014;3;Plus;3,158,205;3,158,229;7.5;;;;;;;;;;
C3_015;3;Minus;3,391,282;3,391,258;8;;;;;;;;;;
C3_016;3;Plus;3,449,960;3,449,984;8.5;;;;;;;;;;
C3_017;3;Minus;3,551,666;3,551,642;9;;;;;;;;;;
C3_018;3;Plus;3,561,771;3,561,795;10;;;;;;;;;;
C3_019;3;Plus;3,663,424;3,663,448;10.5;;;;;;;;;;
C3_020;3;Plus;3,886,666;3,886,690;11;;;;;;;;;;
C3_021;3;Plus;4,391,374;4,391,398;11.5;;;;;;;;;;
C3_022;3;Minus;4,686,211;4,686,187;12;;;;;;;;;;
C3_023;3;Plus;4,922,934;4,922,958;12.5;;;;;;;;;;
C3_024;3;Minus;5,032,046;5,032,022;13;;;;;;;;;;
C3_025;3;Plus;5,439,672;5,439,696;13.5;;;;;;;;;;
C3_026;3;Minus;5,619,798;5,619,774;14;;;;;;;;;;
C3_027;3;Minus;5,701,283;5,701,259;14.5;;;;;;;;;;
C3_028;3;Plus;5,936,712;5,936,736;15;;;;;;;;;;
C3_029;3;Minus;6,169,555;6,169,531;15.5;;;;;;;;;;
C3_030;3;Minus;6,417,382;6,417,358;16;;;;;;;;;;
C3_031;3;Plus;6,507,038;6,507,062;16.5;;;;;;;;;;
C3_032;3;Minus;6,755,234;6,755,210;17;;;;;;;;;;
C3_033;3;Plus;6,823,560;6,823,584;17.5;;;;;;;;;;
C3_034;3;Plus;6,905,750;6,905,774;18;;;;;;;;;;
C3_035;3;Minus;7,120,495;7,120,471;19;;;;;;;;;;
C3_036;3;Minus;7,186,831;7,186,807;20;;;;;;;;;;
C3_037;3;Minus;7,606,763;7,606,739;20.5;;;;;;;;;;
C3_038;3;Plus;7,930,774;7,930,798;21;;;;;;;;;;
C3_039;3;Minus;7,999,243;7,999,219;21.5;;;;;;;;;;
C3_040;3;Minus;8,034,091;8,034,067;22;;;;;;;;;;
C3_041;3;Plus;8,070,112;8,070,136;23;;;;;;;;;;
C3_042;3;Plus;8,139,661;8,139,685;25.1;;;;;;;;;;
C3_043;3;Minus;8,222,572;8,222,548;25.6;;;;;;;;;;
C3_044;3;Minus;8,222,598;8,222,574;26.1;;;;;;;;;;
C3_045;3;Plus;8,344,950;8,344,974;26.6;;;;;;;;;;
C3_046;3;Plus;8,612,178;8,612,202;28.2;;;;;;;;;;
C3_047;3;Minus;8,832,555;8,832,531;28.7;;;;;;;;;;
C3_048;3;Minus;9,011,746;9,011,722;29.2;;;;;;;;;;
C3_049;3;Minus;9,168,646;9,168,622;29.7;;;;;;;;;;
C3_050;3;Minus;9,237,479;9,237,455;30.2;;;;;;;;;;
C3_051;3;Minus;9,288,765;9,288,741;31.2;;;;;;;;;;
C3_052;3;Plus;9,309,023;9,309,047;31.7;;;;;;;;;;
C3_053;3;Minus;9,318,799;9,318,775;32.7;;;;;;;;;;
C3_054;3;Plus;9,382,267;9,382,291;33.7;;;;;;;;;;
C3_055;3;Minus;9,459,661;9,459,637;34.2;;;;;;;;;;
C3_056;3;Minus;9,613,121;9,613,097;34.7;;;;;;;;;;
C3_057;3;Plus;9,679,032;9,679,056;35.7;;;;;;;;;;
C3_058;3;Minus;9,713,327;9,713,303;36.2;;;;;;;;;;
C3_059;3;Minus;9,748,377;9,748,353;36.7;;;;;;;;;;
C3_060;3;Minus;9,805,711;9,805,687;37.2;;;;;;;;;;
C3_061;3;Minus;10,011,316;10,011,292;38.2;;;;;;;;;;
C3_062;3;Plus;10,151,134;10,151,158;38.7;;;;;;;;;;
C3_063;3;Minus;10,196,030;10,196,006;39.7;;;;;;;;;;
C3_064;3;Plus;10,308,857;10,308,881;40.2;;;;;;;;;;
C3_065;3;Plus;10,437,496;10,437,520;40.7;;;;;;;;;;
C3_066;3;Plus;10,526,590;10,526,614;41.2;;;;;;;;;;
C3_067;3;Minus;10,630,712;10,630,688;41.7;;;;;;;;;;
C3_068;3;Minus;10,638,408;10,638,384;42.2;;;;;;;;;;
C3_069;3;Plus;10,839,745;10,839,769;42.7;;;;;;;;;;
C3_070;3;Plus;11,071,084;11,071,108;43.2;;;;;;;;;;
C3_071;3;Minus;11,384,022;11,383,998;43.7;;;;;;;;;;
C3_072;3;Plus;11,721,232;11,721,256;44.2;;;;;;;;;;
C3_073;3;Plus;11,734,424;11,734,448;44.7;;;;;;;;;;
C3_074;3;Minus;11,965,858;11,965,834;45.2;;;;;;;;;;
C3_075;3;Minus;12,477,783;12,477,759;45.7;;;;;;;;;;
C3_076;3;Minus;13,382,889;13,382,865;46.2;;;;;;;;;;
C3_077;3;Minus;15,284,751;15,284,727;47.8;;;;;;;;;;
C3_078;3;Minus;15,783,158;15,783,134;48.8;;;;;;;;;;
C3_079;3;Minus;15,961,631;15,961,607;49.8;;;;;;;;;;
C3_080;3;Minus;16,169,512;16,169,488;50.3;;;;;;;;;;
C3_081;3;Plus;16,450,571;16,450,595;51.3;;;;;;;;;;
C3_082;3;Plus;16,629,387;16,629,411;51.8;;;;;;;;;;
C3_083;3;Plus;16,661,317;16,661,341;52.3;;;;;;;;;;
C3_084;3;Minus;17,033,399;17,033,375;53.3;;;;;;;;;;
C3_085;3;Minus;17,140,137;17,140,113;53.8;;;;;;;;;;
C3_086;3;Minus;17,338,527;17,338,503;54.8;;;;;;;;;;
C3_087;3;Minus;17,586,556;17,586,532;55.3;;;;;;;;;;
C3_088;3;Plus;17,656,128;17,656,152;55.8;;;;;;;;;;
C3_089;3;Minus;17,765,927;17,765,903;56.3;;;;;;;;;;
C3_090;3;Plus;17,914,863;17,914,887;56.8;;;;;;;;;;
C3_091;3;Plus;18,034,414;18,034,438;57.3;;;;;;;;;;
C3_092;3;Minus;18,046,578;18,046,554;57.8;;;;;;;;;;
C3_093;3;Plus;18,117,461;18,117,485;58.3;;;;;;;;;;
C3_094;3;Plus;18,228,910;18,228,934;58.8;;;;;;;;;;
C3_095;3;Plus;18,300,768;18,300,792;59.3;;;;;;;;;;
C3_096;3;Minus;18,358,419;18,358,395;59.8;;;;;;;;;;
C3_097;3;Plus;18,513,480;18,513,504;60.3;;;;;;;;;;
C3_098;3;Minus;18,539,845;18,539,821;60.8;;;;;;;;;;
C3_099;3;Plus;18,723,590;18,723,614;61.3;;;;;;;;;;
C3_100;3;Minus;18,901,192;18,901,168;61.8;;;;;;;;;;
C3_101;3;Plus;19,046,212;19,046,236;62.3;;;;;;;;;;
C3_102;3;Minus;19,478,696;19,478,672;62.8;;;;;;;;;;
C3_103;3;Plus;19,537,286;19,537,310;63.3;;;;;;;;;;
C3_104;3;Minus;19,626,786;19,626,762;66;;;;;;;;;;
C3_105;3;Minus;20,023,064;20,023,040;66.5;;;;;;;;;;
C3_106;3;Minus;20,439,359;20,439,335;67;;;;;;;;;;
C3_107;3;Minus;21,059,962;21,059,938;67.5;;;;;;;;;;
C3_108;3;Plus;21,738,436;21,738,460;68;;;;;;;;;;
C3_109;3;Minus;21,834,034;21,834,010;68.5;;;;;;;;;;
C3_110;3;Plus;21,954,682;21,954,706;69;;;;;;;;;;
C3_111;3;Minus;22,330,704;22,330,680;69.5;;;;;;;;;;
C3_112;3;Minus;22,530,710;22,530,686;70;;;;;;;;;;
C3_113;3;Plus;22,632,878;22,632,902;70.5;;;;;;;;;;
C3_114;3;Plus;22,725,443;22,725,467;71;;;;;;;;;;
C3_115;3;Plus;22,947,197;22,947,221;71.5;;;;;;;;;;
C3_116;3;Minus;22,965,532;22,965,508;72;;;;;;;;;;
C3_117;3;Plus;22,989,194;22,989,218;73;;;;;;;;;;
C3_118;3;Minus;23,023,725;23,023,701;73.5;;;;;;;;;;
C3_119;3;Minus;23,086,877;23,086,853;74.5;;;;;;;;;;
C3_120;3;Plus;23,344,414;23,344,438;76.7;;;;;;;;;;
C4_001;4;Minus;124,134;124,110;2.7;;;;;;;;;;
C4_002;4;Minus;216,954;216,930;3.2;;;;;;;;;;
C4_003;4;Minus;266,179;266,155;3.7;;;;;;;;;;
C4_004;4;Minus;423,549;423,525;4.2;;;;;;;;;;
C4_005;4;Minus;515,956;515,932;5.8;;;;;;;;;;
C4_006;4;Plus;695,872;695,896;6.3;;;;;;;;;;
C4_007;4;Minus;703,957;703,933;7.3;;;;;;;;;;
C4_008;4;Minus;823,892;823,868;7.8;;;;;;;;;;
C4_009;4;Plus;1,038,056;1,038,080;8.3;;;;;;;;;;
C4_010;4;Plus;1,188,732;1,188,756;8.8;;;;;;;;;;
C4_011;4;Plus;1,439,540;1,439,564;11.5;;;;;;;;;;
C4_012;4;Minus;1,546,311;1,546,287;12;;;;;;;;;;
C4_013;4;Plus;2,142,434;2,142,458;12.5;;;;;;;;;;
C4_014;4;Plus;3,557,989;3,558,013;13;;;;;;;;;;
C4_015;4;Plus;4,058,456;4,058,480;13.5;;;;;;;;;;
C4_016;4;Plus;4,335,175;4,335,199;14;;;;;;;;;;
C4_017;4;Minus;4,353,546;4,353,522;14.5;;;;;;;;;;
C4_018;4;Minus;4,429,733;4,429,709;15;;;;;;;;;;
C4_019;4;Minus;4,581,179;4,581,155;15.5;;;;;;;;;;
C4_020;4;Plus;4,694,249;4,694,273;16.5;;;;;;;;;;
C4_021;4;Minus;4,742,864;4,742,840;17;;;;;;;;;;
C4_022;4;Plus;4,906,414;4,906,438;17.5;;;;;;;;;;
C4_023;4;Plus;4,937,229;4,937,253;18;;;;;;;;;;
C4_024;4;Minus;5,037,642;5,037,618;18.5;;;;;;;;;;
C4_025;4;Plus;5,089,939;5,089,963;19;;;;;;;;;;
C4_026;4;Minus;5,124,137;5,124,113;19.5;;;;;;;;;;
C4_027;4;Plus;5,193,273;5,193,297;20;;;;;;;;;;
C4_028;4;Minus;5,237,149;5,237,125;20.5;;;;;;;;;;
C4_029;4;Plus;5,280,397;5,280,421;21;;;;;;;;;;
C4_030;4;Plus;5,435,879;5,435,903;21.5;;;;;;;;;;
C4_031;4;Minus;5,607,038;5,607,014;22;;;;;;;;;;
C4_032;4;Minus;5,726,789;5,726,765;22.5;;;;;;;;;;
C4_033;4;Plus;5,770,858;5,770,882;23;;;;;;;;;;
C4_034;4;Minus;5,792,379;5,792,355;23.5;;;;;;;;;;
C4_035;4;Plus;5,823,192;5,823,216;25.1;;;;;;;;;;
C4_036;4;Plus;5,929,212;5,929,236;26.1;;;;;;;;;;
C4_037;4;Plus;5,931,485;5,931,509;26.6;;;;;;;;;;
C4_038;4;Minus;6,060,128;6,060,104;27.6;;;;;;;;;;
C4_039;4;Plus;6,241,573;6,241,597;28.1;;;;;;;;;;
C4_040;4;Plus;6,301,134;6,301,158;29.1;;;;;;;;;;
C4_041;4;Minus;6,447,403;6,447,379;29.6;;;;;;;;;;
C4_042;4;Minus;6,467,515;6,467,491;30.1;;;;;;;;;;
C4_043;4;Plus;6,497,594;6,497,618;30.6;;;;;;;;;;
C4_044;4;Minus;6,584,690;6,584,666;31.6;;;;;;;;;;
C4_045;4;Minus;6,621,999;6,621,975;32.1;;;;;;;;;;
C4_046;4;Minus;6,780,074;6,780,050;32.6;;;;;;;;;;
C4_047;4;Plus;6,834,897;6,834,921;33.6;;;;;;;;;;
C4_048;4;Plus;6,885,275;6,885,299;34.1;;;;;;;;;;
C4_049;4;Minus;6,899,286;6,899,262;35.1;;;;;;;;;;
C4_050;4;Minus;6,973,309;6,973,285;35.6;;;;;;;;;;
C4_051;4;Minus;7,065,918;7,065,894;36.1;;;;;;;;;;
C4_052;4;Minus;7,202,396;7,202,372;36.6;;;;;;;;;;
C4_053;4;Plus;7,282,782;7,282,806;37.1;;;;;;;;;;
C4_054;4;Plus;7,458,626;7,458,650;38.1;;;;;;;;;;
C4_055;4;Minus;7,708,982;7,708,958;38.6;;;;;;;;;;
C4_056;4;Plus;7,789,787;7,789,811;39.1;;;;;;;;;;
C4_057;4;Minus;7,821,812;7,821,788;39.6;;;;;;;;;;
C4_058;4;Minus;7,867,706;7,867,682;40.1;;;;;;;;;;
C4_059;4;Minus;8,023,223;8,023,199;40.6;;;;;;;;;;
C4_060;4;Plus;8,055,753;8,055,777;41.1;;;;;;;;;;
C4_061;4;Minus;8,134,280;8,134,256;41.6;;;;;;;;;;
C4_062;4;Plus;8,433,247;8,433,271;42.1;;;;;;;;;;
C4_063;4;Minus;8,717,695;8,717,671;42.6;;;;;;;;;;
C4_064;4;Plus;8,893,737;8,893,761;43.1;;;;;;;;;;
C4_065;4;Minus;8,923,821;8,923,797;43.6;;;;;;;;;;
C4_066;4;Minus;9,575,164;9,575,140;44.1;;;;;;;;;;
C4_067;4;Plus;9,949,963;9,949,987;44.6;;;;;;;;;;
C4_068;4;Minus;10,364,671;10,364,647;45.1;;;;;;;;;;
C4_069;4;Plus;10,450,933;10,450,957;45.6;;;;;;;;;;
C4_070;4;Plus;10,538,393;10,538,417;46.1;;;;;;;;;;
C4_071;4;Plus;10,547,746;10,547,770;46.6;;;;;;;;;;
C4_072;4;Plus;10,605,558;10,605,582;47.1;;;;;;;;;;
C4_073;4;Plus;10,629,652;10,629,676;47.6;;;;;;;;;;
C4_074;4;Minus;10,749,651;10,749,627;48.1;;;;;;;;;;
C4_075;4;Plus;10,902,371;10,902,395;48.6;;;;;;;;;;
C4_076;4;Minus;11,041,950;11,041,926;49.1;;;;;;;;;;
C4_077;4;Minus;11,084,556;11,084,532;49.6;;;;;;;;;;
C4_078;4;Minus;11,124,387;11,124,363;50.1;;;;;;;;;;
C4_079;4;Plus;11,429,615;11,429,639;51.1;;;;;;;;;;
C4_080;4;Plus;11,559,403;11,559,427;51.6;;;;;;;;;;
C4_081;4;Minus;11,588,364;11,588,340;52.1;;;;;;;;;;
C4_082;4;Minus;11,785,134;11,785,110;52.6;;;;;;;;;;
C4_083;4;Minus;11,868,195;11,868,171;53.1;;;;;;;;;;
C4_084;4;Plus;11,946,130;11,946,154;53.6;;;;;;;;;;
C4_085;4;Plus;12,313,215;12,313,239;54.1;;;;;;;;;;
C4_086;4;Minus;12,657,061;12,657,037;55.1;;;;;;;;;;
C4_087;4;Plus;12,848,846;12,848,870;55.6;;;;;;;;;;
C4_088;4;Plus;13,243,125;13,243,149;56.6;;;;;;;;;;
C4_089;4;Plus;13,475,201;13,475,225;58.2;;;;;;;;;;
C4_090;4;Minus;13,631,330;13,631,306;58.7;;;;;;;;;;
C4_091;4;Plus;14,081,620;14,081,644;59.2;;;;;;;;;;
C4_092;4;Minus;14,244,307;14,244,283;59.7;;;;;;;;;;
C4_093;4;Plus;14,297,249;14,297,273;60.2;;;;;;;;;;
C4_094;4;Minus;14,484,134;14,484,110;60.7;;;;;;;;;;
C4_095;4;Minus;14,853,537;14,853,513;61.2;;;;;;;;;;
C4_096;4;Minus;15,218,880;15,218,856;61.7;;;;;;;;;;
C4_097;4;Plus;15,581,802;15,581,826;63.3;;;;;;;;;;
C4_098;4;Minus;15,666,401;15,666,377;64.9;;;;;;;;;;
C4_099;4;Minus;15,871,342;15,871,318;65.4;;;;;;;;;;
C4_100;4;Plus;15,897,458;15,897,482;65.9;;;;;;;;;;
C4_101;4;Plus;15,969,642;15,969,666;66.4;;;;;;;;;;
C4_102;4;Minus;16,063,531;16,063,507;68;;;;;;;;;;
C4_103;4;Minus;16,169,467;16,169,443;68.5;;;;;;;;;;
C4_104;4;Minus;16,175,757;16,175,733;69;;;;;;;;;;
C4_105;4;Minus;16,249,796;16,249,772;69.5;;;;;;;;;;
C4_106;4;Minus;16,525,032;16,525,008;70;;;;;;;;;;
C4_107;4;Plus;16,682,901;16,682,925;72.1;;;;;;;;;;
C4_108;4;Plus;16,870,459;16,870,483;72.6;;;;;;;;;;
C4_109;4;Minus;16,902,435;16,902,411;73.1;;;;;;;;;;
C4_110;4;Minus;17,045,685;17,045,661;74.1;;;;;;;;;;
C4_111;4;Plus;17,369,987;17,370,011;75.9;;;;;;;;;;
C5_001;5;Plus;53,017;53,041;1;;;;;;;;;;
C5_002;5;Plus;311,449;311,473;1.5;;;;;;;;;;
C5_003;5;Minus;369,372;369,348;2;;;;;;;;;;
C5_004;5;Minus;420,763;420,739;2.5;;;;;;;;;;
C5_005;5;Plus;668,807;668,831;3;;;;;;;;;;
C5_006;5;Plus;727,318;727,342;3.5;;;;;;;;;;
C5_007;5;Minus;812,351;812,327;4.5;;;;;;;;;;
C5_008;5;Minus;1,016,618;1,016,594;5;;;;;;;;;;
C5_009;5;Minus;1,213,089;1,213,065;5.5;;;;;;;;;;
C5_010;5;Minus;1,357,828;1,357,804;6;;;;;;;;;;
C5_011;5;Plus;1,399,949;1,399,973;6.5;;;;;;;;;;
C5_012;5;Minus;1,468,667;1,468,643;7;;;;;;;;;;
C5_013;5;Minus;1,499,818;1,499,794;7.5;;;;;;;;;;
C5_014;5;Plus;1,629,887;1,629,911;8;;;;;;;;;;
C5_015;5;Plus;1,768,084;1,768,108;8.5;;;;;;;;;;
C5_016;5;Plus;2,206,679;2,206,703;9;;;;;;;;;;
C5_017;5;Minus;2,516,073;2,516,049;9.5;;;;;;;;;;
C5_018;5;Minus;2,782,348;2,782,324;11.6;;;;;;;;;;
C5_019;5;Minus;3,008,152;3,008,128;12.1;;;;;;;;;;
C5_020;5;Plus;3,200,537;3,200,561;12.6;;;;;;;;;;
C5_021;5;Plus;3,354,970;3,354,994;13.1;;;;;;;;;;
C5_022;5;Plus;3,439,814;3,439,838;14.1;;;;;;;;;;
C5_023;5;Minus;3,713,569;3,713,545;15.1;;;;;;;;;;
C5_024;5;Minus;4,084,360;4,084,336;15.6;;;;;;;;;;
C5_025;5;Minus;4,358,667;4,358,643;16.1;;;;;;;;;;
C5_026;5;Minus;4,719,907;4,719,883;16.6;;;;;;;;;;
C5_027;5;Plus;4,795,652;4,795,676;17.1;;;;;;;;;;
C5_028;5;Minus;4,834,268;4,834,244;17.6;;;;;;;;;;
C5_029;5;Minus;4,968,678;4,968,654;18.1;;;;;;;;;;
C5_030;5;Plus;5,034,564;5,034,588;18.6;;;;;;;;;;
C5_031;5;Minus;5,189,567;5,189,543;19.1;;;;;;;;;;
C5_032;5;Minus;5,293,726;5,293,702;19.6;;;;;;;;;;
C5_033;5;Minus;5,910,781;5,910,757;20.1;;;;;;;;;;
C5_034;5;Plus;6,372,560;6,372,584;20.6;;;;;;;;;;
C5_035;5;Minus;6,543,334;6,543,310;21.6;;;;;;;;;;
C5_036;5;Minus;6,589,047;6,589,023;22.6;;;;;;;;;;
C5_037;5;Minus;6,850,241;6,850,217;23.1;;;;;;;;;;
C5_038;5;Plus;7,029,239;7,029,263;23.6;;;;;;;;;;
C5_039;5;Minus;7,075,280;7,075,256;24.1;;;;;;;;;;
C5_040;5;Plus;7,182,012;7,182,036;24.6;;;;;;;;;;
C5_041;5;Plus;7,194,061;7,194,085;25.1;;;;;;;;;;
C5_042;5;Plus;7,205,733;7,205,757;26.1;;;;;;;;;;
C5_043;5;Minus;7,376,110;7,376,086;26.6;;;;;;;;;;
C5_044;5;Plus;7,422,947;7,422,971;27.1;;;;;;;;;;
C5_045;5;Minus;7,452,049;7,452,025;27.6;;;;;;;;;;
C5_046;5;Plus;7,784,285;7,784,309;28.1;;;;;;;;;;
C5_047;5;Minus;7,909,425;7,909,401;28.6;;;;;;;;;;
C5_048;5;Plus;7,963,792;7,963,816;29.1;;;;;;;;;;
C5_049;5;Minus;7,999,671;7,999,647;29.6;;;;;;;;;;
C5_050;5;Plus;8,019,833;8,019,857;30.1;;;;;;;;;;
C5_051;5;Plus;8,034,751;8,034,775;30.6;;;;;;;;;;
C5_052;5;Minus;8,074,372;8,074,348;31.1;;;;;;;;;;
C5_053;5;Minus;8,333,208;8,333,184;31.6;;;;;;;;;;
C5_054;5;Plus;8,592,385;8,592,409;32.1;;;;;;;;;;
C5_055;5;Minus;8,612,970;8,612,946;32.6;;;;;;;;;;
C5_056;5;Plus;8,725,696;8,725,720;33.1;;;;;;;;;;
C5_057;5;Minus;8,782,435;8,782,411;33.6;;;;;;;;;;
C5_058;5;Plus;8,809,026;8,809,050;34.1;;;;;;;;;;
C5_059;5;Plus;8,812,669;8,812,693;35.1;;;;;;;;;;
C5_060;5;Minus;8,842,971;8,842,947;36.1;;;;;;;;;;
C5_061;5;Plus;9,013,565;9,013,589;37.1;;;;;;;;;;
C5_062;5;Minus;9,021,381;9,021,357;37.6;;;;;;;;;;
C5_063;5;Minus;9,114,758;9,114,734;38.1;;;;;;;;;;
C5_064;5;Plus;9,205,091;9,205,115;38.6;;;;;;;;;;
C5_065;5;Minus;9,323,009;9,322,985;39.1;;;;;;;;;;
C5_066;5;Plus;9,329,143;9,329,167;39.6;;;;;;;;;;
C5_067;5;Plus;9,380,420;9,380,444;40.1;;;;;;;;;;
C5_068;5;Minus;9,486,962;9,486,938;40.6;;;;;;;;;;
C5_069;5;Plus;9,507,459;9,507,483;41.1;;;;;;;;;;
C5_070;5;Plus;9,608,214;9,608,238;41.6;;;;;;;;;;
C5_071;5;Plus;9,731,166;9,731,190;42.1;;;;;;;;;;
C5_072;5;Plus;9,813,043;9,813,067;42.6;;;;;;;;;;
C5_073;5;Plus;9,861,541;9,861,565;43.1;;;;;;;;;;
C5_074;5;Minus;9,915,224;9,915,200;43.6;;;;;;;;;;
C5_075;5;Plus;9,967,260;9,967,284;44.1;;;;;;;;;;
C5_076;5;Minus;9,994,850;9,994,826;44.6;;;;;;;;;;
C5_077;5;Minus;10,149,904;10,149,880;45.1;;;;;;;;;;
C5_078;5;Plus;10,218,141;10,218,165;46.7;;;;;;;;;;
C5_079;5;Minus;10,536,569;10,536,545;47.2;;;;;;;;;;
C5_080;5;Minus;12,310,942;12,310,918;47.7;;;;;;;;;;
C5_081;5;Plus;13,052,728;13,052,752;48.2;;;;;;;;;;
C5_082;5;Minus;13,204,671;13,204,647;48.7;;;;;;;;;;
C5_083;5;Plus;13,417,249;13,417,273;49.2;;;;;;;;;;
C5_084;5;Minus;13,707,681;13,707,657;49.7;;;;;;;;;;
C5_085;5;Plus;13,806,495;13,806,519;50.7;;;;;;;;;;
C5_086;5;Minus;13,969,806;13,969,782;51.2;;;;;;;;;;
C5_087;5;Plus;14,235,035;14,235,059;51.7;;;;;;;;;;
C5_088;5;Minus;14,256,142;14,256,118;52.2;;;;;;;;;;
C5_089;5;Minus;14,284,418;14,284,394;52.7;;;;;;;;;;
C5_090;5;Plus;14,442,246;14,442,270;53.2;;;;;;;;;;
C5_091;5;Plus;14,498,789;14,498,813;53.7;;;;;;;;;;
C5_092;5;Plus;14,618,018;14,618,042;54.2;;;;;;;;;;
C5_093;5;Minus;14,656,821;14,656,797;54.7;;;;;;;;;;
C5_094;5;Minus;14,816,374;14,816,350;55.2;;;;;;;;;;
C5_095;5;Minus;14,998,162;14,998,138;55.7;;;;;;;;;;
C5_096;5;Plus;15,174,222;15,174,246;56.2;;;;;;;;;;
C5_097;5;Plus;15,420,149;15,420,173;56.7;;;;;;;;;;
C5_098;5;Minus;15,479,122;15,479,098;57.2;;;;;;;;;;
C5_099;5;Minus;15,652,226;15,652,202;57.7;;;;;;;;;;
C5_100;5;Minus;15,899,892;15,899,868;58.2;;;;;;;;;;
C5_101;5;Plus;15,941,036;15,941,060;58.7;;;;;;;;;;
C5_102;5;Plus;15,959,739;15,959,763;59.2;;;;;;;;;;
C5_103;5;Plus;16,182,669;16,182,693;59.7;;;;;;;;;;
C5_104;5;Minus;16,302,882;16,302,858;60.2;;;;;;;;;;
C5_105;5;Plus;16,315,405;16,315,429;60.7;;;;;;;;;;
C5_106;5;Plus;16,455,776;16,455,800;61.7;;;;;;;;;;
C5_107;5;Plus;16,660,047;16,660,071;62.2;;;;;;;;;;
C5_108;5;Plus;16,694,618;16,694,642;62.7;;;;;;;;;;
C5_109;5;Plus;16,768,641;16,768,665;63.2;;;;;;;;;;
C5_110;5;Plus;16,891,227;16,891,251;63.7;;;;;;;;;;
C5_111;5;Plus;17,011,680;17,011,704;64.2;;;;;;;;;;
C5_112;5;Minus;17,177,370;17,177,346;64.7;;;;;;;;;;
C5_113;5;Minus;17,400,955;17,400,931;65.2;;;;;;;;;;
C5_114;5;Plus;17,530,122;17,530,146;65.7;;;;;;;;;;
C5_115;5;Minus;17,600,636;17,600,612;66.2;;;;;;;;;;
C5_116;5;Plus;17,654,527;17,654,551;66.7;;;;;;;;;;
C5_117;5;Minus;17,747,897;17,747,873;67.2;;;;;;;;;;
C5_118;5;Minus;17,905,770;17,905,746;67.7;;;;;;;;;;
C5_119;5;Plus;18,043,885;18,043,909;68.2;;;;;;;;;;
C5_120;5;Minus;18,417,491;18,417,467;69.2;;;;;;;;;;
C5_121;5;Minus;18,592,325;18,592,301;69.7;;;;;;;;;;
C5_122;5;Plus;18,820,808;18,820,832;70.2;;;;;;;;;;
C5_123;5;Plus;18,908,348;18,908,372;70.7;;;;;;;;;;
C5_124;5;Minus;19,236,442;19,236,418;71.7;;;;;;;;;;
C5_125;5;Plus;19,434,426;19,434,450;72.2;;;;;;;;;;
C5_126;5;Minus;19,482,707;19,482,683;72.7;;;;;;;;;;
C5_127;5;Minus;19,551,747;19,551,723;73.2;;;;;;;;;;
C5_128;5;Plus;19,679,431;19,679,455;73.7;;;;;;;;;;
C5_129;5;Plus;19,763,187;19,763,211;74.2;;;;;;;;;;
C5_130;5;Minus;19,965,308;19,965,284;74.7;;;;;;;;;;
C5_131;5;Plus;20,106,857;20,106,881;75.2;;;;;;;;;;
C5_132;5;Plus;20,406,660;20,406,684;75.7;;;;;;;;;;
C5_133;5;Plus;20,732,108;20,732,132;76.2;;;;;;;;;;
C5_134;5;Minus;21,224,594;21,224,570;76.7;;;;;;;;;;
C5_135;5;Plus;21,424,546;21,424,570;77.2;;;;;;;;;;
C5_136;5;Plus;21,557,416;21,557,440;78.2;;;;;;;;;;
C5_137;5;Minus;21,646,301;21,646,277;78.7;;;;;;;;;;
C5_138;5;Minus;21,756,347;21,756,323;79.2;;;;;;;;;;
C5_139;5;Plus;21,800,811;21,800,835;80.2;;;;;;;;;;
C5_140;5;Minus;21,901,877;21,901,853;80.7;;;;;;;;;;
C5_141;5;Minus;21,946,252;21,946,228;81.2;;;;;;;;;;
C5_142;5;Minus;22,262,105;22,262,081;82.2;;;;;;;;;;
C5_143;5;Minus;22,538,674;22,538,650;82.7;;;;;;;;;;
C5_144;5;Minus;22,553,924;22,553,900;83.2;;;;;;;;;;
C5_145;5;Minus;22,699,565;22,699,541;83.7;;;;;;;;;;
C5_146;5;Minus;22,776,070;22,776,046;84.2;;;;;;;;;;
C5_147;5;Plus;23,260,982;23,261,006;84.7;;;;;;;;;;
C5_148;5;Plus;23,467,988;23,468,012;85.2;;;;;;;;;;
C5_149;5;Minus;23,568,049;23,568,025;85.7;;;;;;;;;;
C5_150;5;Plus;23,752,941;23,752,965;86.2;;;;;;;;;;
C5_151;5;Plus;24,437,333;24,437,357;86.7;;;;;;;;;;
C5_152;5;Minus;24,449,190;24,449,166;87.2;;;;;;;;;;
C5_153;5;Minus;24,793,552;24,793,528;87.7;;;;;;;;;;
C5_154;5;Plus;25,003,286;25,003,310;88.7;;;;;;;;;;
C5_155;5;Minus;25,180,961;25,180,937;89.2;;;;;;;;;;
C5_156;5;Plus;25,404,868;25,404,892;89.7;;;;;;;;;;
C5_157;5;Minus;25,476,773;25,476,749;90.2;;;;;;;;;;
C5_158;5;Plus;25,480,714;25,480,738;90.7;;;;;;;;;;
C5_159;5;Plus;25,588,861;25,588,885;91.2;;;;;;;;;;
C5_160;5;Minus;25,790,927;25,790,903;91.7;;;;;;;;;;
C5_161;5;Minus;25,881,122;25,881,098;92.7;;;;;;;;;;
C5_162;5;Plus;25,969,701;25,969,725;93.2;;;;;;;;;;
C5_163;5;Plus;25,982,005;25,982,029;94.2;;;;;;;;;;
C5_164;5;Plus;26,072,258;26,072,282;94.7;;;;;;;;;;
C5_165;5;Minus;26,138,403;26,138,379;95.2;;;;;;;;;;
C5_166;5;Plus;26,313,794;26,313,818;95.7;;;;;;;;;;
C5_167;5;Minus;26,593,289;26,593,265;98.8;;;;;;;;;;
