SFP-marker;chrom.;strand;pos.1;pos.2;cM;;;;;;;;;
C1_001;1;Plus;677972;677996;1;;;;;;;;;
C1_002;1;Plus;1238972;1238996;1.5;;;;;;;;;
C1_003;1;Minus;1473303;1473279;2;;;;;;;;;
C1_004;1;Minus;1560971;1560947;2.5;;;;;;;;;
C1_005;1;Minus;1933783;1933759;3;;;;;;;;;
C1_006;1;Minus;2355231;2355207;3.5;;;;;;;;;
C1_007;1;Minus;2491914;2491890;4.5;;;;;;;;;
C1_008;1;Plus;2741920;2741944;5;;;;;;;;;
C1_009;1;Plus;2928345;2928369;5.5;;;;;;;;;
C1_010;1;Minus;3226096;3226072;6;;;;;;;;;
C1_011;1;Plus;4120516;4120540;6.5;;;;;;;;;
C1_012;1;Plus;4224469;4224493;7;;;;;;;;;
C1_013;1;Plus;4261744;4261768;7.5;;;;;;;;;
C1_014;1;Plus;4299347;4299371;8;;;;;;;;;
C1_015;1;Minus;4380223;4380199;8.5;;;;;;;;;
C1_016;1;Plus;4598647;4598671;9;;;;;;;;;
C1_017;1;Minus;4614592;4614568;9.5;;;;;;;;;
C1_018;1;Minus;4628059;4628035;10;;;;;;;;;
C1_019;1;Plus;4813668;4813692;10.5;;;;;;;;;
C1_020;1;Plus;5189209;5189233;11;;;;;;;;;
C1_021;1;Plus;5394448;5394472;13.1;;;;;;;;;
C1_022;1;Minus;5547098;5547074;13.6;;;;;;;;;
C1_023;1;Plus;5854427;5854451;14.1;;;;;;;;;
C1_024;1;Plus;5870115;5870139;14.6;;;;;;;;;
C1_025;1;Plus;6034729;6034753;15.1;;;;;;;;;
C1_026;1;Minus;6150366;6150342;15.6;;;;;;;;;
C1_027;1;Minus;6229150;6229126;16.1;;;;;;;;;
C1_028;1;Plus;6346214;6346238;16.6;;;;;;;;;
C1_029;1;Plus;6493270;6493294;17.1;;;;;;;;;
C1_030;1;Plus;6944593;6944617;17.6;;;;;;;;;
C1_031;1;Minus;7072485;7072461;18.1;;;;;;;;;
C1_032;1;Minus;7259483;7259459;19.1;;;;;;;;;
C1_033;1;Plus;7635391;7635415;19.6;;;;;;;;;
C1_034;1;Minus;7716840;7716816;20.1;;;;;;;;;
C1_035;1;Minus;7793657;7793633;20.6;;;;;;;;;
C1_036;1;Minus;7901999;7901975;21.1;;;;;;;;;
C1_037;1;Minus;7953845;7953821;21.6;;;;;;;;;
C1_038;1;Plus;8056875;8056899;22.1;;;;;;;;;
C1_039;1;Plus;8096334;8096358;22.6;;;;;;;;;
C1_040;1;Plus;8144798;8144822;23.1;;;;;;;;;
C1_041;1;Plus;8200954;8200978;23.6;;;;;;;;;
C1_042;1;Plus;8325624;8325648;24.6;;;;;;;;;
C1_043;1;Minus;8398720;8398696;25.1;;;;;;;;;
C1_044;1;Plus;8637064;8637088;25.6;;;;;;;;;
C1_045;1;Plus;8694377;8694401;26.1;;;;;;;;;
C1_046;1;Minus;8714515;8714491;26.6;;;;;;;;;
C1_047;1;Plus;8976669;8976693;27.1;;;;;;;;;
C1_048;1;Plus;9190322;9190346;27.6;;;;;;;;;
C1_049;1;Minus;9372145;9372121;28.1;;;;;;;;;
C1_050;1;Minus;9512854;9512830;28.6;;;;;;;;;
C1_051;1;Minus;9843658;9843634;29.1;;;;;;;;;
C1_052;1;Plus;10000010;10000034;29.6;;;;;;;;;
C1_053;1;Plus;10150189;10150213;30.1;;;;;;;;;
C1_054;1;Plus;10208206;10208230;31.7;;;;;;;;;
C1_055;1;Plus;10344428;10344452;32.2;;;;;;;;;
C1_056;1;Plus;10434381;10434405;32.7;;;;;;;;;
C1_057;1;Plus;10466659;10466683;33.2;;;;;;;;;
C1_058;1;Minus;10584729;10584705;33.7;;;;;;;;;
C1_059;1;Minus;10641882;10641858;34.2;;;;;;;;;
C1_060;1;Plus;10701242;10701266;34.7;;;;;;;;;
C1_061;1;Plus;10816416;10816440;35.2;;;;;;;;;
C1_062;1;Plus;10995336;10995360;35.7;;;;;;;;;
C1_063;1;Minus;11010486;11010462;36.7;;;;;;;;;
C1_064;1;Minus;11023206;11023182;37.2;;;;;;;;;
C1_065;1;Minus;11039647;11039623;37.7;;;;;;;;;
C1_066;1;Minus;11106254;11106230;38.2;;;;;;;;;
C1_067;1;Plus;11251764;11251788;38.7;;;;;;;;;
C1_068;1;Plus;11344562;11344586;39.2;;;;;;;;;
C1_069;1;Plus;11466617;11466641;39.7;;;;;;;;;
C1_070;1;Minus;11513039;11513015;40.2;;;;;;;;;
C1_071;1;Plus;11554788;11554812;40.7;;;;;;;;;
C1_072;1;Plus;11570253;11570277;41.2;;;;;;;;;
C1_073;1;Plus;11653247;11653271;41.7;;;;;;;;;
C1_074;1;Plus;11944258;11944282;42.7;;;;;;;;;
C1_075;1;Plus;12160804;12160828;43.2;;;;;;;;;
C1_076;1;Minus;12404741;12404717;44.2;;;;;;;;;
C1_077;1;Plus;12537659;12537683;45.2;;;;;;;;;
C1_078;1;Plus;12849254;12849278;45.7;;;;;;;;;
C1_079;1;Minus;13119968;13119944;46.2;;;;;;;;;
C1_080;1;Plus;13218466;13218490;46.7;;;;;;;;;
C1_081;1;Minus;13280893;13280869;47.2;;;;;;;;;
C1_082;1;Minus;13579138;13579114;47.7;;;;;;;;;
C1_083;1;Plus;14504020;14504044;48.2;;;;;;;;;
C1_084;1;Minus;15343526;15343502;48.7;;;;;;;;;
C1_085;1;Plus;15710697;15710721;49.2;;;;;;;;;
C1_086;1;Plus;15861767;15861791;49.7;;;;;;;;;
C1_087;1;Plus;16008415;16008439;50.2;;;;;;;;;
C1_088;1;Plus;16105710;16105734;50.7;;;;;;;;;
C1_089;1;Minus;16192557;16192533;51.2;;;;;;;;;
C1_090;1;Plus;16323712;16323736;51.7;;;;;;;;;
C1_091;1;Plus;16343605;16343629;53.3;;;;;;;;;
C1_092;1;Minus;16512992;16512968;55.4;;;;;;;;;
C1_093;1;Plus;16890812;16890836;55.9;;;;;;;;;
C1_094;1;Plus;16914453;16914477;56.4;;;;;;;;;
C1_095;1;Plus;16935612;16935636;56.9;;;;;;;;;
C1_096;1;Plus;16983978;16984002;57.4;;;;;;;;;
C1_097;1;Plus;17108033;17108057;57.9;;;;;;;;;
C1_098;1;Plus;17425090;17425114;58.4;;;;;;;;;
C1_099;1;Minus;17590625;17590601;58.9;;;;;;;;;
C1_100;1;Plus;17637552;17637576;59.4;;;;;;;;;
C1_101;1;Minus;17670559;17670535;59.9;;;;;;;;;
C1_102;1;Plus;17898744;17898768;60.9;;;;;;;;;
C1_103;1;Plus;18100525;18100549;61.4;;;;;;;;;
C1_104;1;Plus;18367694;18367718;61.9;;;;;;;;;
C1_105;1;Minus;18851051;18851027;62.4;;;;;;;;;
C1_106;1;Minus;18953470;18953446;62.9;;;;;;;;;
C1_107;1;Minus;19012614;19012590;63.4;;;;;;;;;
C1_108;1;Plus;19072718;19072742;64.4;;;;;;;;;
C1_109;1;Plus;19087935;19087959;64.9;;;;;;;;;
C1_110;1;Plus;19105089;19105113;65.4;;;;;;;;;
C1_111;1;Plus;19314768;19314792;65.9;;;;;;;;;
C1_112;1;Plus;19484558;19484582;66.4;;;;;;;;;
C1_113;1;Minus;19603993;19603969;66.9;;;;;;; ;;
C1_114;1;Minus;19735358;19735334;67.4;;;;;;;;;
C1_115;1;Minus;20160112;20160088;67.9;;;;;;;;;
C1_116;1;Minus;20511085;20511061;68.4;;;;;;;;;
C1_117;1;Plus;20795966;20795990;68.9;;;;;;;;;
C1_118;1;Plus;21194095;21194119;69.4;;;;;;;;;
C1_119;1;Minus;21291097;21291073;69.9;;;;;;;;;
C1_120;1;Minus;21562444;21562420;70.4;;;;;;;;;
C1_121;1;Minus;21744665;21744641;70.9;;;;;;;;;
C1_122;1;Plus;22231103;22231127;71.4;;;;; ;;;;
C1_123;1;Minus;22703751;22703727;71.9;;;;;;;;;
C1_124;1;Plus;22781137;22781161;72.4;;;;;;;;;
C1_125;1;Plus;22832344;22832368;72.9;;;;;;;;;
C1_126;1;Minus;22927044;22927020;73.4;;;;;;;;;
C1_127;1;Plus;23023856;23023880;73.9;;;;;;;;;
C1_128;1;Minus;23360995;23360971;74.4;;;;;;;;;
C1_129;1;Plus;23475661;23475685;74.9;;;;;;;;;
C1_130;1;Plus;23491460;23491484;75.4;;;;;;;;;
C1_131;1;Minus;23597105;23597081;75.9;;;;;;;;;
C1_132;1;Minus;23849372;23849348;76.4;;;;;;;;;
C1_133;1;Plus;24041941;24041965;77.4;;;;;;;;;
C1_134;1;Minus;24058670;24058646;77.9;;;;;;;;;
C1_135;1;Plus;24147278;24147302;78.4;;;;;;;;;
C1_136;1;Minus;24309029;24309005;78.9;;;;;;;;;
C1_137;1;Minus;24348585;24348561;79.4;;;;;;;;;
C1_138;1;Minus;24501728;24501704;80.4;;;;;;;;;
C1_139;1;Plus;24554169;24554193;80.9;;;;;;;;;
C1_140;1;Minus;24638173;24638149;81.4;;;;;;;;;
C1_141;1;Minus;24653369;24653345;81.9;;;;;;;;;
C1_142;1;Minus;24671523;24671499;82.9;;;;;;;;;
C1_143;1;Minus;24715862;24715838;83.4;;;;;;;;;
C1_144;1;Plus;24813487;24813511;84.4;;;;;;;;;
C1_145;1;Plus;24968247;24968271;85.4;;;;;;;;;
C1_146;1;Plus;25412071;25412095;85.9;;;;;;;;;
C1_147;1;Minus;25430183;25430159;86.4;;;;;;;;;
C1_148;1;Minus;25597099;25597075;86.9;;;;;;;;;
C1_149;1;Minus;25800828;25800804;87.4;;;;;;;;;
C1_150;1;Minus;25813994;25813970;87.9;;;;;;;;;
C1_151;1;Plus;25873199;25873223;91.2;;;;;;;;;
C1_152;1;Minus;25880819;25880795;91.7;;;;;;;;;
C1_153;1;Minus;25946148;25946124;92.2;;;;;;;;;
C1_154;1;Minus;26044967;26044943;92.7;;;;;;;;;
C1_155;1;Plus;26278043;26278067;93.2;;;;;;;;;
C1_156;1;Plus;26477613;26477637;93.7;;;;;;;;;
C1_157;1;Minus;26735374;26735350;94.2;;;;;;;;;
C1_158;1;Plus;26787238;26787262;94.7;;;;;;;;;
C1_159;1;Minus;26854400;26854376;95.2;;;;;;;;;
C1_160;1;Minus;27040076;27040052;95.7;;;;;;;;;
C1_161;1;Minus;27462130;27462106;96.2;;;;;;;;;
C1_162;1;Plus;27957468;27957492;96.7;;;;;;;;;
C1_163;1;Minus;28070426;28070402;97.7;;;;;;;;;
C1_164;1;Plus;28246532;28246556;98.2;;;;;;;;;
C1_165;1;Minus;28802247;28802223;98.7;;;;;;;;;
C1_166;1;Minus;29056323;29056299;99.2;;;;;;;;;
C1_167;1;Plus;29187692;29187716;99.7;;;;;;;;;
C1_168;1;Minus;29465012;29464988;100.2;;;;;;;;;
C1_169;1;Plus;29514852;29514876;100.7;;;;;;;;; 
C1_170;1;Minus;29565719;29565695;101.2;;;;;;;;;
C1_171;1;Plus;29802537;29802561;101.7;;;;;;;;;
C1_172;1;Plus;30064780;30064804;104.7;;;;;;;;;
C2_001;2;Minus;246863;246839;1.6;;;;;;;;;
C2_002;2;Minus;337120;337096;2.6;;;;;;;;;
C2_003;2;Minus;356899;356875;3.1;;;;;;;;;
C2_004;2;Plus;385971;385995;4.1;;;;;;;;;
C2_005;2;Minus;452335;452311;4.6;;;;;;;;;
C2_006;2;Minus;475213;475189;5.1;;;;;;;;;
C2_007;2;Plus;495314;495338;6.1;;;;;;;;;
C2_008;2;Minus;531792;531768;6.6;;;;;;;;;
C2_009;2;Plus;701728;701752;7.1;;;;;;;;;
C2_010;2;Plus;945842;945866;7.6;;;;;;;;;
C2_011;2;Minus;1148928;1148904;8.1;;;;;;;;;
C2_012;2;Minus;1231954;1231930;8.6;;;;;;;;;
C2_013;2;Minus;1549463;1549439;9.1;;;;;;;;;
C2_014;2;Plus;1797991;1798015;10.1;;;;;;;;;
C2_015;2;Plus;1970523;1970547;10.6;;;;;;;;;
C2_016;2;Minus;2039068;2039044;11.6;;;;;;;;;
C2_017;2;Plus;2296819;2296843;12.1;;;;;;;;;
C2_018;2;Minus;2313359;2313335;13.1;;;;;;;;;
C2_019;2;Minus;2674698;2674674;13.6;;;;;;;;;
C2_020;2;Minus;3231240;3231216;14.1;;;;;;;;;
C2_021;2;Minus;4426618;4426594;14.6;;;;;;;;;
C2_022;2;Minus;4934983;4934959;15.1;;;;;;;;;
C2_023;2;Minus;5011599;5011575;15.6;;;;;;;;;
C2_024;2;Plus;5240350;5240374;16.1;;;;;;;;;
C2_025;2;Plus;5373288;5373312;16.6;;;;;;;;;
C2_026;2;Minus;5481221;5481197;17.1;;;;;;;;;
C2_027;2;Minus;5758479;5758455;17.6;;;;;;;;;
C2_028;2;Minus;5844375;5844351;19.2;;;;;;;;;
C2_029;2;Plus;6045222;6045246;19.7;;;;;;;;;
C2_030;2;Plus;6206074;6206098;20.2;;;;;;;;;
C2_031;2;Minus;6233920;6233896;20.7;;;;;;;;;
C2_032;2;Plus;6243515;6243539;21.2;;;;;;;;;
C2_033;2;Plus;6320972;6320996;21.7;;;;;;;;;
C2_034;2;Plus;6387048;6387072;22.2;;;;;;;;;
C2_035;2;Plus;6513866;6513890;22.7;;;;;;;;;
C2_036;2;Minus;6622089;6622065;23.2;;;;;;;;;
C2_037;2;Minus;6657992;6657968;23.7;;;;;;;;;
C2_038;2;Minus;6674030;6674006;24.2;;;;;;;;;
C2_039;2;Minus;6820422;6820398;24.7;;;;;;;;;
C2_040;2;Plus;6907029;6907053;25.2;;;;;;;;;
C2_041;2;Plus;7024752;7024776;25.7;;;;;;;;;
C2_042;2;Plus;7120812;7120836;26.2;;;;;;;;;
C2_043;2;Minus;7174734;7174710;26.7;;;;;;;;;
C2_044;2;Minus;7258965;7258941;27.2;;;;;;;;;
C2_045;2;Plus;7351270;7351294;27.7;;;;;;;;;
C2_046;2;Minus;7637713;7637689;28.7;;;;;;;;;
C2_047;2;Minus;8015333;8015309;29.2;;;;;;;;;
C2_048;2;Plus;8194829;8194853;29.7;;;;;;;;;
C2_049;2;Minus;8296313;8296289;30.2;;;;;;;;;
C2_050;2;Plus;8595413;8595437;30.7;;;;;;;;;
C2_051;2;Minus;9142355;9142331;31.2;;;;;;;;;
C2_052;2;Plus;9330394;9330418;31.7;;;;;;;;;
C2_053;2;Plus;9397639;9397663;32.2;;;;;;;;;
C2_054;2;Plus;9529120;9529144;32.7;;;;;;;;;
C2_055;2;Minus;9876522;9876498;34.8;;;;;;;;;
C2_056;2;Plus;10123367;10123391;35.3;;;;;;;;;
C2_057;2;Plus;10128301;10128325;35.8;;;;;;;;;
C2_058;2;Plus;10163350;10163374;36.3;;;;;;;;;
C2_059;2;Minus;10218177;10218153;36.8;;;;;;;;;
C2_060;2;Minus;10296027;10296003;37.3;;;;;;;;;
C2_061;2;Minus;10462557;10462533;37.8;;;;;;;;;
C2_062;2;Minus;10644335;10644311;38.3;;;;;;;;;
C2_063;2;Plus;10811639;10811663;38.8;;;;;;;;;
C2_064;2;Minus;10998442;10998418;39.3;;;;;;;;;
C2_065;2;Minus;11026393;11026369;39.8;;;;;;;;;
C2_066;2;Plus;11110484;11110508;40.3;;;;;;;;;
C2_067;2;Plus;11229058;11229082;40.8;;;;;;;;;
C2_068;2;Minus;11506039;11506015;41.8;;;;;;;;;
C2_069;2;Plus;11656324;11656348;42.3;;;;;;;;;
C2_070;2;Minus;11768700;11768676;42.8;;;;;;;;;
C2_071;2;Minus;11898947;11898923;43.3;;;;;;;;;
C2_072;2;Minus;12082704;12082680;43.8;;;;;;;;;
C2_073;2;Minus;12112359;12112335;44.3;;;;;;;;;
C2_074;2;Minus;12125766;12125742;45.9;;;;;;;;;
C2_075;2;Plus;12407784;12407808;46.9;;;;;;;;;
C2_076;2;Minus;12679412;12679388;47.4;;;;;;;;;
C2_077;2;Minus;12850184;12850160;47.9;;;;;;;;;
C2_078;2;Minus;12947060;12947036;48.4;;;;;;;;;
C2_079;2;Plus;13066216;13066240;49.4;;;;;;;;;
C2_080;2;Minus;13357782;13357758;49.9;;;;;;;;;
C2_081;2;Plus;13694092;13694116;50.4;;;;;;;;;
C2_082;2;Minus;13923935;13923911;50.9;;;;;;;;;
C2_083;2;Minus;14159531;14159507;51.4;;;;;;;;;
C2_084;2;Minus;14431132;14431108;51.9;;;;;;;;;
C2_085;2;Minus;14890067;14890043;52.4;;;;;;;;;
C2_086;2;Minus;15148159;15148135;52.9;;;;;;;;;
C2_087;2;Plus;15189091;15189115;53.4;;;;;;;;;
C2_088;2;Minus;15278275;15278251;55;;;;;;;;;
C2_089;2;Minus;15316552;15316528;55.5;;;;;;;;;
C2_090;2;Plus;15451765;15451789;56.5;;;;;;;;;
C2_091;2;Plus;15518216;15518240;57;;;;;;;;;
C2_092;2;Minus;15789817;15789793;57.5;;;;;;;;;
C2_093;2;Plus;16029705;16029729;58;;;;;;;;;
C2_094;2;Minus;16103646;16103622;58.5;;;;;;;;;
C2_095;2;Plus;16332387;16332411;59;;;;;;;;;
C2_096;2;Plus;16817978;16818002;59.5;;;;;;;;;
C2_097;2;Minus;17150992;17150968;60;;;;;;;;;
C2_098;2;Minus;17550929;17550905;60.5;;;;;;;;;
C2_099;2;Minus;18149870;18149846;61;;;;;;;;;
C2_100;2;Minus;18346924;18346900;61.5;;;;;;;;;
C2_101;2;Minus;18497964;18497940;62;;;;;;;;;
C2_102;2;Minus;18600307;18600283;62.5;;;;;;;;;
C2_103;2;Minus;18722122;18722098;63;;;;;;;;;
C2_104;2;Minus;18861369;18861345;64;;;;;;;;;
C2_105;2;Plus;19099116;19099140;64.5;;;;;;;;;
C2_106;2;Minus;19474812;19474788;66.4;;;;;;;;;
C3_001;3;Minus;192362;192338;0.5;;;;;;;;;
C3_002;3;Plus;340169;340193;1;;;;;;;;;
C3_003;3;Minus;603862;603838;1.5;;;;;;;;;
C3_004;3;Plus;808224;808248;2;;;;;;;;;
C3_005;3;Minus;903318;903294;3;;;;;;;;;
C3_006;3;Plus;1079332;1079356;3.5;;;;;;;;;
C3_007;3;Minus;1261198;1261174;4;;;;;;;;;
C3_008;3;Plus;1357789;1357813;4.5;;;;;;;;;
C3_009;3;Minus;1387823;1387799;5;;;;;;;;;
C3_010;3;Plus;1468110;1468134;5.5;;;;;;;;;
C3_011;3;Plus;1512584;1512608;6;;;;;;;;;
C3_012;3;Minus;1751984;1751960;6.5;;;;;;;;;
C3_013;3;Minus;2677419;2677395;7;;;;;;;;;
C3_014;3;Plus;3158205;3158229;7.5;;;;;;;;;
C3_015;3;Minus;3391282;3391258;8;;;;;;;;;
C3_016;3;Plus;3449960;3449984;8.5;;;;;;;;;
C3_017;3;Minus;3551666;3551642;9;;;;;;;;;
C3_018;3;Plus;3561771;3561795;10;;;;;;;;;
C3_019;3;Plus;3663424;3663448;10.5;;;;;;;;;
C3_020;3;Plus;3886666;3886690;11;;;;;;;;;
C3_021;3;Plus;4391374;4391398;11.5;;;;;;;;;
C3_022;3;Minus;4686211;4686187;12;;;;;;;;;
C3_023;3;Plus;4922934;4922958;12.5;;;;;;;;;
C3_024;3;Minus;5032046;5032022;13;;;;;;;;;
C3_025;3;Plus;5439672;5439696;13.5;;;;;;;;;
C3_026;3;Minus;5619798;5619774;14;;;;;;;;;
C3_027;3;Minus;5701283;5701259;14.5;;;;;;;;;
C3_028;3;Plus;5936712;5936736;15;;;;;;;;;
C3_029;3;Minus;6169555;6169531;15.5;;;;;;;;;
C3_030;3;Minus;6417382;6417358;16;;;;;;;;;
C3_031;3;Plus;6507038;6507062;16.5;;;;;;;;;
C3_032;3;Minus;6755234;6755210;17;;;;;;;;;
C3_033;3;Plus;6823560;6823584;17.5;;;;;;;;;
C3_034;3;Plus;6905750;6905774;18;;;;;;;;;
C3_035;3;Minus;7120495;7120471;19;;;;;;;;;
C3_036;3;Minus;7186831;7186807;20;;;;;;;;;
C3_037;3;Minus;7606763;7606739;20.5;;;;;;;;;
C3_038;3;Plus;7930774;7930798;21;;;;;;;;;
C3_039;3;Minus;7999243;7999219;21.5;;;;;;;;;
C3_040;3;Minus;8034091;8034067;22;;;;;;;;;
C3_041;3;Plus;8070112;8070136;23;;;;;;;;;
C3_042;3;Plus;8139661;8139685;25.1;;;;;;;;;
C3_043;3;Minus;8222572;8222548;25.6;;;;;;;;;
C3_044;3;Minus;8222598;8222574;26.1;;;;;;;;;
C3_045;3;Plus;8344950;8344974;26.6;;;;;;;;;
C3_046;3;Plus;8612178;8612202;28.2;;;;;;;;;
C3_047;3;Minus;8832555;8832531;28.7;;;;;;;;;
C3_048;3;Minus;9011746;9011722;29.2;;;;;;;;;
C3_049;3;Minus;9168646;9168622;29.7;;;;;;;;;
C3_050;3;Minus;9237479;9237455;30.2;;;;;;;;;
C3_051;3;Minus;9288765;9288741;31.2;;;;;;;;;
C3_052;3;Plus;9309023;9309047;31.7;;;;;;;;;
C3_053;3;Minus;9318799;9318775;32.7;;;;;;;;;
C3_054;3;Plus;9382267;9382291;33.7;;;;;;;;;
C3_055;3;Minus;9459661;9459637;34.2;;;;;;;;;
C3_056;3;Minus;9613121;9613097;34.7;;;;;;;;;
C3_057;3;Plus;9679032;9679056;35.7;;;;;;;;;
C3_058;3;Minus;9713327;9713303;36.2;;;;;;;;;
C3_059;3;Minus;9748377;9748353;36.7;;;;;;;;;
C3_060;3;Minus;9805711;9805687;37.2;;;;;;;;;
C3_061;3;Minus;10011316;10011292;38.2;;;;;;;;;
C3_062;3;Plus;10151134;10151158;38.7;;;;;;;;;
C3_063;3;Minus;10196030;10196006;39.7;;;;;;;;;
C3_064;3;Plus;10308857;10308881;40.2;;;;;;;;;
C3_065;3;Plus;10437496;10437520;40.7;;;;;;;;;
C3_066;3;Plus;10526590;10526614;41.2;;;;;;;;;
C3_067;3;Minus;10630712;10630688;41.7;;;;;;;;;
C3_068;3;Minus;10638408;10638384;42.2;;;;;;;;;
C3_069;3;Plus;10839745;10839769;42.7;;;;;;;;;
C3_070;3;Plus;11071084;11071108;43.2;;;;;;;;;
C3_071;3;Minus;11384022;11383998;43.7;;;;;;;;;
C3_072;3;Plus;11721232;11721256;44.2;;;;;;;;;
C3_073;3;Plus;11734424;11734448;44.7;;;;;;;;;
C3_074;3;Minus;11965858;11965834;45.2;;;;;;;;;
C3_075;3;Minus;12477783;12477759;45.7;;;;;;;;;
C3_076;3;Minus;13382889;13382865;46.2;;;;;;;;;
C3_077;3;Minus;15284751;15284727;47.8;;;;;;;;;
C3_078;3;Minus;15783158;15783134;48.8;;;;;;;;;
C3_079;3;Minus;15961631;15961607;49.8;;;;;;;;;
C3_080;3;Minus;16169512;16169488;50.3;;;;;;;;;
C3_081;3;Plus;16450571;16450595;51.3;;;;;;;;;
C3_082;3;Plus;16629387;16629411;51.8;;;;;;;;;
C3_083;3;Plus;16661317;16661341;52.3;;;;;;;;;
C3_084;3;Minus;17033399;17033375;53.3;;;;;;;;;
C3_085;3;Minus;17140137;17140113;53.8;;;;;;;;;
C3_086;3;Minus;17338527;17338503;54.8;;;;;;;;;
C3_087;3;Minus;17586556;17586532;55.3;;;;;;;;;
C3_088;3;Plus;17656128;17656152;55.8;;;;;;;;;
C3_089;3;Minus;17765927;17765903;56.3;;;;;;;;;
C3_090;3;Plus;17914863;17914887;56.8;;;;;;;;;
C3_091;3;Plus;18034414;18034438;57.3;;;;;;;;;
C3_092;3;Minus;18046578;18046554;57.8;;;;;;;;;
C3_093;3;Plus;18117461;18117485;58.3;;;;;;;;;
C3_094;3;Plus;18228910;18228934;58.8;;;;;;;;;
C3_095;3;Plus;18300768;18300792;59.3;;;;;;;;;
C3_096;3;Minus;18358419;18358395;59.8;;;;;;;;;
C3_097;3;Plus;18513480;18513504;60.3;;;;;;;;;
C3_098;3;Minus;18539845;18539821;60.8;;;;;;;;;
C3_099;3;Plus;18723590;18723614;61.3;;;;;;;;;
C3_100;3;Minus;18901192;18901168;61.8;;;;;;;;;
C3_101;3;Plus;19046212;19046236;62.3;;;;;;;;;
C3_102;3;Minus;19478696;19478672;62.8;;;;;;;;;
C3_103;3;Plus;19537286;19537310;63.3;;;;;;;;;
C3_104;3;Minus;19626786;19626762;66;;;;;;;;;
C3_105;3;Minus;20023064;20023040;66.5;;;;;;;;;
C3_106;3;Minus;20439359;20439335;67;;;;;;;;;
C3_107;3;Minus;21059962;21059938;67.5;;;;;;;;;
C3_108;3;Plus;21738436;21738460;68;;;;;;;;;
C3_109;3;Minus;21834034;21834010;68.5;;;;;;;;;
C3_110;3;Plus;21954682;21954706;69;;;;;;;;;
C3_111;3;Minus;22330704;22330680;69.5;;;;;;;;;
C3_112;3;Minus;22530710;22530686;70;;;;;;;;;
C3_113;3;Plus;22632878;22632902;70.5;;;;;;;;;
C3_114;3;Plus;22725443;22725467;71;;;;;;;;;
C3_115;3;Plus;22947197;22947221;71.5;;;;;;;;;
C3_116;3;Minus;22965532;22965508;72;;;;;;;;;
C3_117;3;Plus;22989194;22989218;73;;;;;;;;;
C3_118;3;Minus;23023725;23023701;73.5;;;;;;;;;
C3_119;3;Minus;23086877;23086853;74.5;;;;;;;;;
C3_120;3;Plus;23344414;23344438;76.7;;;;;;;;;
C4_001;4;Minus;124134;124110;2.7;;;;;;;;;
C4_002;4;Minus;216954;216930;3.2;;;;;;;;;
C4_003;4;Minus;266179;266155;3.7;;;;;;;;;
C4_004;4;Minus;423549;423525;4.2;;;;;;;;;
C4_005;4;Minus;515956;515932;5.8;;;;;;;;;
C4_006;4;Plus;695872;695896;6.3;;;;;;;;;
C4_007;4;Minus;703957;703933;7.3;;;;;;;;;
C4_008;4;Minus;823892;823868;7.8;;;;;;;;;
C4_009;4;Plus;1038056;1038080;8.3;;;;;;;;;
C4_010;4;Plus;1188732;1188756;8.8;;;;;;;;;
C4_011;4;Plus;1439540;1439564;11.5;;;;;;;;;
C4_012;4;Minus;1546311;1546287;12;;;;;;;;;
C4_013;4;Plus;2142434;2142458;12.5;;;;;;;;;
C4_014;4;Plus;3557989;3558013;13;;;;;;;;;
C4_015;4;Plus;4058456;4058480;13.5;;;;;;;;;
C4_016;4;Plus;4335175;4335199;14;;;;;;;;;
C4_017;4;Minus;4353546;4353522;14.5;;;;;;;;;
C4_018;4;Minus;4429733;4429709;15;;;;;;;;;
C4_019;4;Minus;4581179;4581155;15.5;;;;;;;;;
C4_020;4;Plus;4694249;4694273;16.5;;;;;;;;;
C4_021;4;Minus;4742864;4742840;17;;;;;;;;;
C4_022;4;Plus;4906414;4906438;17.5;;;;;;;;;
C4_023;4;Plus;4937229;4937253;18;;;;;;;;;
C4_024;4;Minus;5037642;5037618;18.5;;;;;;;;;
C4_025;4;Plus;5089939;5089963;19;;;;;;;;;
C4_026;4;Minus;5124137;5124113;19.5;;;;;;;;;
C4_027;4;Plus;5193273;5193297;20;;;;;;;;;
C4_028;4;Minus;5237149;5237125;20.5;;;;;;;;;
C4_029;4;Plus;5280397;5280421;21;;;;;;;;;
C4_030;4;Plus;5435879;5435903;21.5;;;;;;;;;
C4_031;4;Minus;5607038;5607014;22;;;;;;;;;
C4_032;4;Minus;5726789;5726765;22.5;;;;;;;;;
C4_033;4;Plus;5770858;5770882;23;;;;;;;;;
C4_034;4;Minus;5792379;5792355;23.5;;;;;;;;;
C4_035;4;Plus;5823192;5823216;25.1;;;;;;;;;
C4_036;4;Plus;5929212;5929236;26.1;;;;;;;;;
C4_037;4;Plus;5931485;5931509;26.6;;;;;;;;;
C4_038;4;Minus;6060128;6060104;27.6;;;;;;;;;
C4_039;4;Plus;6241573;6241597;28.1;;;;;;;;;
C4_040;4;Plus;6301134;6301158;29.1;;;;;;;;;
C4_041;4;Minus;6447403;6447379;29.6;;;;;;;;;
C4_042;4;Minus;6467515;6467491;30.1;;;;;;;;;
C4_043;4;Plus;6497594;6497618;30.6;;;;;;;;;
C4_044;4;Minus;6584690;6584666;31.6;;;;;;;;;
C4_045;4;Minus;6621999;6621975;32.1;;;;;;;;;
C4_046;4;Minus;6780074;6780050;32.6;;;;;;;;;
C4_047;4;Plus;6834897;6834921;33.6;;;;;;;;;
C4_048;4;Plus;6885275;6885299;34.1;;;;;;;;;
C4_049;4;Minus;6899286;6899262;35.1;;;;;;;;;
C4_050;4;Minus;6973309;6973285;35.6;;;;;;;;;
C4_051;4;Minus;7065918;7065894;36.1;;;;;;;;;
C4_052;4;Minus;7202396;7202372;36.6;;;;;;;;;
C4_053;4;Plus;7282782;7282806;37.1;;;;;;;;;
C4_054;4;Plus;7458626;7458650;38.1;;;;;;;;;
C4_055;4;Minus;7708982;7708958;38.6;;;;;;;;;
C4_056;4;Plus;7789787;7789811;39.1;;;;;;;;;
C4_057;4;Minus;7821812;7821788;39.6;;;;;;;;;
C4_058;4;Minus;7867706;7867682;40.1;;;;;;;;;
C4_059;4;Minus;8023223;8023199;40.6;;;;;;;;;
C4_060;4;Plus;8055753;8055777;41.1;;;;;;;;;
C4_061;4;Minus;8134280;8134256;41.6;;;;;;;;;
C4_062;4;Plus;8433247;8433271;42.1;;;;;;;;;
C4_063;4;Minus;8717695;8717671;42.6;;;;;;;;;
C4_064;4;Plus;8893737;8893761;43.1;;;;;;;;;
C4_065;4;Minus;8923821;8923797;43.6;;;;;;;;;
C4_066;4;Minus;9575164;9575140;44.1;;;;;;;;;
C4_067;4;Plus;9949963;9949987;44.6;;;;;;;;;
C4_068;4;Minus;10364671;10364647;45.1;;;;;;;;;
C4_069;4;Plus;10450933;10450957;45.6;;;;;;;;;
C4_070;4;Plus;10538393;10538417;46.1;;;;;;;;;
C4_071;4;Plus;10547746;10547770;46.6;;;;;;;;;
C4_072;4;Plus;10605558;10605582;47.1;;;;;;;;;
C4_073;4;Plus;10629652;10629676;47.6;;;;;;;;;
C4_074;4;Minus;10749651;10749627;48.1;;;;;;;;;
C4_075;4;Plus;10902371;10902395;48.6;;;;;;;;;
C4_076;4;Minus;11041950;11041926;49.1;;;;;;;;;
C4_077;4;Minus;11084556;11084532;49.6;;;;;;;;;
C4_078;4;Minus;11124387;11124363;50.1;;;;;;;;;
C4_079;4;Plus;11429615;11429639;51.1;;;;;;;;;
C4_080;4;Plus;11559403;11559427;51.6;;;;;;;;;
C4_081;4;Minus;11588364;11588340;52.1;;;;;;;;;
C4_082;4;Minus;11785134;11785110;52.6;;;;;;;;;
C4_083;4;Minus;11868195;11868171;53.1;;;;;;;;;
C4_084;4;Plus;11946130;11946154;53.6;;;;;;;;;
C4_085;4;Plus;12313215;12313239;54.1;;;;;;;;;
C4_086;4;Minus;12657061;12657037;55.1;;;;;;;;;
C4_087;4;Plus;12848846;12848870;55.6;;;;;;;;;
C4_088;4;Plus;13243125;13243149;56.6;;;;;;;;;
C4_089;4;Plus;13475201;13475225;58.2;;;;;;;;;
C4_090;4;Minus;13631330;13631306;58.7;;;;;;;;;
C4_091;4;Plus;14081620;14081644;59.2;;;;;;;;;
C4_092;4;Minus;14244307;14244283;59.7;;;;;;;;;
C4_093;4;Plus;14297249;14297273;60.2;;;;;;;;;
C4_094;4;Minus;14484134;14484110;60.7;;;;;;;;;
C4_095;4;Minus;14853537;14853513;61.2;;;;;;;;;
C4_096;4;Minus;15218880;15218856;61.7;;;;;;;;;
C4_097;4;Plus;15581802;15581826;63.3;;;;;;;;;
C4_098;4;Minus;15666401;15666377;64.9;;;;;;;;;
C4_099;4;Minus;15871342;15871318;65.4;;;;;;;;;
C4_100;4;Plus;15897458;15897482;65.9;;;;;;;;;
C4_101;4;Plus;15969642;15969666;66.4;;;;;;;;;
C4_102;4;Minus;16063531;16063507;68;;;;;;;;;
C4_103;4;Minus;16169467;16169443;68.5;;;;;;;;;
C4_104;4;Minus;16175757;16175733;69;;;;;;;;;
C4_105;4;Minus;16249796;16249772;69.5;;;;;;;;;
C4_106;4;Minus;16525032;16525008;70;;;;;;;;;
C4_107;4;Plus;16682901;16682925;72.1;;;;;;;;;
C4_108;4;Plus;16870459;16870483;72.6;;;;;;;;;
C4_109;4;Minus;16902435;16902411;73.1;;;;;;;;;
C4_110;4;Minus;17045685;17045661;74.1;;;;;;;;;
C4_111;4;Plus;17369987;17370011;75.9;;;;;;;;;
C5_001;5;Plus;53017;53041;1;;;;;;;;;
C5_002;5;Plus;311449;311473;1.5;;;;;;;;;
C5_003;5;Minus;369372;369348;2;;;;;;;;;
C5_004;5;Minus;420763;420739;2.5;;;;;;;;;
C5_005;5;Plus;668807;668831;3;;;;;;;;;
C5_006;5;Plus;727318;727342;3.5;;;;;;;;;
C5_007;5;Minus;812351;812327;4.5;;;;;;;;;
C5_008;5;Minus;1016618;1016594;5;;;;;;;;;
C5_009;5;Minus;1213089;1213065;5.5;;;;;;;;;
C5_010;5;Minus;1357828;1357804;6;;;;;;;;;
C5_011;5;Plus;1399949;1399973;6.5;;;;;;;;;
C5_012;5;Minus;1468667;1468643;7;;;;;;;;;
C5_013;5;Minus;1499818;1499794;7.5;;;;;;;;;
C5_014;5;Plus;1629887;1629911;8;;;;;;;;;
C5_015;5;Plus;1768084;1768108;8.5;;;;;;;;;
C5_016;5;Plus;2206679;2206703;9;;;;;;;;;
C5_017;5;Minus;2516073;2516049;9.5;;;;;;;;;
C5_018;5;Minus;2782348;2782324;11.6;;;;;;;;;
C5_019;5;Minus;3008152;3008128;12.1;;;;;;;;;
C5_020;5;Plus;3200537;3200561;12.6;;;;;;;;;
C5_021;5;Plus;3354970;3354994;13.1;;;;;;;;;
C5_022;5;Plus;3439814;3439838;14.1;;;;;;;;;
C5_023;5;Minus;3713569;3713545;15.1;;;;;;;;;
C5_024;5;Minus;4084360;4084336;15.6;;;;;;;;;
C5_025;5;Minus;4358667;4358643;16.1;;;;;;;;;
C5_026;5;Minus;4719907;4719883;16.6;;;;;;;;;
C5_027;5;Plus;4795652;4795676;17.1;;;;;;;;;
C5_028;5;Minus;4834268;4834244;17.6;;;;;;;;;
C5_029;5;Minus;4968678;4968654;18.1;;;;;;;;;
C5_030;5;Plus;5034564;5034588;18.6;;;;;;;;;
C5_031;5;Minus;5189567;5189543;19.1;;;;;;;;;
C5_032;5;Minus;5293726;5293702;19.6;;;;;;;;;
C5_033;5;Minus;5910781;5910757;20.1;;;;;;;;;
C5_034;5;Plus;6372560;6372584;20.6;;;;;;;;;
C5_035;5;Minus;6543334;6543310;21.6;;;;;;;;;
C5_036;5;Minus;6589047;6589023;22.6;;;;;;;;;
C5_037;5;Minus;6850241;6850217;23.1;;;;;;;;;
C5_038;5;Plus;7029239;7029263;23.6;;;;;;;;;
C5_039;5;Minus;7075280;7075256;24.1;;;;;;;;;
C5_040;5;Plus;7182012;7182036;24.6;;;;;;;;;
C5_041;5;Plus;7194061;7194085;25.1;;;;;;;;;
C5_042;5;Plus;7205733;7205757;26.1;;;;;;;;;
C5_043;5;Minus;7376110;7376086;26.6;;;;;;;;;
C5_044;5;Plus;7422947;7422971;27.1;;;;;;;;;
C5_045;5;Minus;7452049;7452025;27.6;;;;;;;;;
C5_046;5;Plus;7784285;7784309;28.1;;;;;;;;;
C5_047;5;Minus;7909425;7909401;28.6;;;;;;;;;
C5_048;5;Plus;7963792;7963816;29.1;;;;;;;;;
C5_049;5;Minus;7999671;7999647;29.6;;;;;;;;;
C5_050;5;Plus;8019833;8019857;30.1;;;;;;;;;
C5_051;5;Plus;8034751;8034775;30.6;;;;;;;;;
C5_052;5;Minus;8074372;8074348;31.1;;;;;;;;;
C5_053;5;Minus;8333208;8333184;31.6;;;;;;;;;
C5_054;5;Plus;8592385;8592409;32.1;;;;;;;;;
C5_055;5;Minus;8612970;8612946;32.6;;;;;;;;;
C5_056;5;Plus;8725696;8725720;33.1;;;;;;;;;
C5_057;5;Minus;8782435;8782411;33.6;;;;;;;;;
C5_058;5;Plus;8809026;8809050;34.1;;;;;;;;;
C5_059;5;Plus;8812669;8812693;35.1;;;;;;;;;
C5_060;5;Minus;8842971;8842947;36.1;;;;;;;;;
C5_061;5;Plus;9013565;9013589;37.1;;;;;;;;;
C5_062;5;Minus;9021381;9021357;37.6;;;;;;;;;
C5_063;5;Minus;9114758;9114734;38.1;;;;;;;;;
C5_064;5;Plus;9205091;9205115;38.6;;;;;;;;;
C5_065;5;Minus;9323009;9322985;39.1;;;;;;;;;
C5_066;5;Plus;9329143;9329167;39.6;;;;;;;;;
C5_067;5;Plus;9380420;9380444;40.1;;;;;;;;;
C5_068;5;Minus;9486962;9486938;40.6;;;;;;;;;
C5_069;5;Plus;9507459;9507483;41.1;;;;;;;;;
C5_070;5;Plus;9608214;9608238;41.6;;;;;;;;;
C5_071;5;Plus;9731166;9731190;42.1;;;;;;;;;
C5_072;5;Plus;9813043;9813067;42.6;;;;;;;;;
C5_073;5;Plus;9861541;9861565;43.1;;;;;;;;;
C5_074;5;Minus;9915224;9915200;43.6;;;;;;;;;
C5_075;5;Plus;9967260;9967284;44.1;;;;;;;;;
C5_076;5;Minus;9994850;9994826;44.6;;;;;;;;;
C5_077;5;Minus;10149904;10149880;45.1;;;;;;;;;
C5_078;5;Plus;10218141;10218165;46.7;;;;;;;;;
C5_079;5;Minus;10536569;10536545;47.2;;;;;;;;;
C5_080;5;Minus;12310942;12310918;47.7;;;;;;;;;
C5_081;5;Plus;13052728;13052752;48.2;;;;;;;;;
C5_082;5;Minus;13204671;13204647;48.7;;;;;;;;;
C5_083;5;Plus;13417249;13417273;49.2;;;;;;;;;
C5_084;5;Minus;13707681;13707657;49.7;;;;;;;;;
C5_085;5;Plus;13806495;13806519;50.7;;;;;;;;;
C5_086;5;Minus;13969806;13969782;51.2;;;;;;;;;
C5_087;5;Plus;14235035;14235059;51.7;;;;;;;;;
C5_088;5;Minus;14256142;14256118;52.2;;;;;;;;;
C5_089;5;Minus;14284418;14284394;52.7;;;;;;;;;
C5_090;5;Plus;14442246;14442270;53.2;;;;;;;;;
C5_091;5;Plus;14498789;14498813;53.7;;;;;;;;;
C5_092;5;Plus;14618018;14618042;54.2;;;;;;;;;
C5_093;5;Minus;14656821;14656797;54.7;;;;;;;;;
C5_094;5;Minus;14816374;14816350;55.2;;;;;;;;;
C5_095;5;Minus;14998162;14998138;55.7;;;;;;;;;
C5_096;5;Plus;15174222;15174246;56.2;;;;;;;;;
C5_097;5;Plus;15420149;15420173;56.7;;;;;;;;;
C5_098;5;Minus;15479122;15479098;57.2;;;;;;;;;
C5_099;5;Minus;15652226;15652202;57.7;;;;;;;;;
C5_100;5;Minus;15899892;15899868;58.2;;;;;;;;;
C5_101;5;Plus;15941036;15941060;58.7;;;;;;;;;
C5_102;5;Plus;15959739;15959763;59.2;;;;;;;;;
C5_103;5;Plus;16182669;16182693;59.7;;;;;;;;;
C5_104;5;Minus;16302882;16302858;60.2;;;;;;;;;
C5_105;5;Plus;16315405;16315429;60.7;;;;;;;;;
C5_106;5;Plus;16455776;16455800;61.7;;;;;;;;;
C5_107;5;Plus;16660047;16660071;62.2;;;;;;;;;
C5_108;5;Plus;16694618;16694642;62.7;;;;;;;;;
C5_109;5;Plus;16768641;16768665;63.2;;;;;;;;;
C5_110;5;Plus;16891227;16891251;63.7;;;;;;;;;
C5_111;5;Plus;17011680;17011704;64.2;;;;;;;;;
C5_112;5;Minus;17177370;17177346;64.7;;;;;;;;;
C5_113;5;Minus;17400955;17400931;65.2;;;;;;;;;
C5_114;5;Plus;17530122;17530146;65.7;;;;;;;;;
C5_115;5;Minus;17600636;17600612;66.2;;;;;;;;;
C5_116;5;Plus;17654527;17654551;66.7;;;;;;;;;
C5_117;5;Minus;17747897;17747873;67.2;;;;;;;;;
C5_118;5;Minus;17905770;17905746;67.7;;;;;;;;;
C5_119;5;Plus;18043885;18043909;68.2;;;;;;;;;
C5_120;5;Minus;18417491;18417467;69.2;;;;;;;;;
C5_121;5;Minus;18592325;18592301;69.7;;;;;;;;;
C5_122;5;Plus;18820808;18820832;70.2;;;;;;;;;
C5_123;5;Plus;18908348;18908372;70.7;;;;;;;;;
C5_124;5;Minus;19236442;19236418;71.7;;;;;;;;;
C5_125;5;Plus;19434426;19434450;72.2;;;;;;;;;
C5_126;5;Minus;19482707;19482683;72.7;;;;;;;;;
C5_127;5;Minus;19551747;19551723;73.2;;;;;;;;;
C5_128;5;Plus;19679431;19679455;73.7;;;;;;;;;
C5_129;5;Plus;19763187;19763211;74.2;;;;;;;;;
C5_130;5;Minus;19965308;19965284;74.7;;;;;;;;;
C5_131;5;Plus;20106857;20106881;75.2;;;;;;;;;
C5_132;5;Plus;20406660;20406684;75.7;;;;;;;;;
C5_133;5;Plus;20732108;20732132;76.2;;;;;;;;;
C5_134;5;Minus;21224594;21224570;76.7;;;;;;;;;
C5_135;5;Plus;21424546;21424570;77.2;;;;;;;;;
C5_136;5;Plus;21557416;21557440;78.2;;;;;;;;;
C5_137;5;Minus;21646301;21646277;78.7;;;;;;;;;
C5_138;5;Minus;21756347;21756323;79.2;;;;;;;;;
C5_139;5;Plus;21800811;21800835;80.2;;;;;;;;;
C5_140;5;Minus;21901877;21901853;80.7;;;;;;;;;
C5_141;5;Minus;21946252;21946228;81.2;;;;;;;;;
C5_142;5;Minus;22262105;22262081;82.2;;;;;;;;;
C5_143;5;Minus;22538674;22538650;82.7;;;;;;;;;
C5_144;5;Minus;22553924;22553900;83.2;;;;;;;;;
C5_145;5;Minus;22699565;22699541;83.7;;;;;;;;;
C5_146;5;Minus;22776070;22776046;84.2;;;;;;;;;
C5_147;5;Plus;23260982;23261006;84.7;;;;;;;;;
C5_148;5;Plus;23467988;23468012;85.2;;;;;;;;;
C5_149;5;Minus;23568049;23568025;85.7;;;;;;;;;
C5_150;5;Plus;23752941;23752965;86.2;;;;;;;;;
C5_151;5;Plus;24437333;24437357;86.7;;;;;;;;;
C5_152;5;Minus;24449190;24449166;87.2;;;;;;;;;
C5_153;5;Minus;24793552;24793528;87.7;;;;;;;;;
C5_154;5;Plus;25003286;25003310;88.7;;;;;;;;;
C5_155;5;Minus;25180961;25180937;89.2;;;;;;;;;
C5_156;5;Plus;25404868;25404892;89.7;;;;;;;;;
C5_157;5;Minus;25476773;25476749;90.2;;;;;;;;;
C5_158;5;Plus;25480714;25480738;90.7;;;;;;;;;
C5_159;5;Plus;25588861;25588885;91.2;;;;;;;;;
C5_160;5;Minus;25790927;25790903;91.7;;;;;;;;;
C5_161;5;Minus;25881122;25881098;92.7;;;;;;;;;
C5_162;5;Plus;25969701;25969725;93.2;;;;;;;;;
C5_163;5;Plus;25982005;25982029;94.2;;;;;;;;;
C5_164;5;Plus;26072258;26072282;94.7;;;;;;;;;
C5_165;5;Minus;26138403;26138379;95.2;;;;;;;;;
C5_166;5;Plus;26313794;26313818;95.7;;;;;;;;;
C5_167;5;Minus;26593289;26593265;98.8;;;;;;;;;
